Country,Country_id,Policy_type,Policy_subtype,Policy_start_date,Air_ban,Air_ban_info,Land_ban,Land_ban_info,Sea_ban,Sea_ban_info,Citizen_ban,Citizen_ban_info,Travel_history_ban,Travel_history_ban_info,Refugee_ban,Refugee_ban_info,Visa_ban,Visa_ban_info,Citizen_exceptions,Citizen_exceptions_info,Country_exceptions,Country_exceptions_info,Work_exceptions
Aruba,ABW,COMPLETE,SPECIFIC_COUNTRY,2020-07-10,0,no policy,0,no policy,0,no policy,0,no policy,0,no policy,0,no policy,0,no policy,1,"residents with prior authorization, non-resident passengers which are granted upon request",1,"Antiga and Barbuda, The Bahamas, Barbados, Cuba, Dominica, Grenada, Jamaica, Saint Kitts and Nevis, Saint Lucia, Saint Vincent, the Grenadines, Austria, Belgium, Bulgaria, Croatia, Cyprus, Czechia, Denmark, Estonia, Finland, France, Germany, Greece, Hungary, Ireland, Italy, Latvia, Lithuania, Luxembourg, Malta, Netherlands, Poland, Portugal, Romania, Slovakia, Slovenia, Spain, Swedan, Liechtenstein, Iceland, Norway, Switzerland, United Kingdom, Canada, Trinidad and Tobago, Anguilla, Virgin Islands British, Cayman Islands, Curaçao, Martinique, Montserrat, Nueva Esparta, Puerto Rico, Saint Barthélemy, Saint Martin, Sint Eustatius Saba, Sint Maarten, Turks and Caicos Islands, United States Virgin Islands, United States",0
Afghanistan,AFG,PARTIAL,BORDER_CLOSURE,2020-03-24,1,all commercial flights suspended except for some from Turkey and India,0,no policy,0,no policy,0,no policy,0,no policy,0,no policy,0,no policy,0,no policy,0,no policy,0
Angola,AGO,PARTIAL,BORDER_CLOSURE,2020-10-19,1,"Afghanistan, Aland Islands, Albania, Algeria, American Samoa, Andorra, Anguilla, Antarctica, Antigua and Barbuda, Argentina, Armenia, Aruba, Australia, Austria, Azerbaijan, Bahamas, Bahrain, Bangladesh, Barbados, Belarus, Belgium, Belize, Benin, Bermuda, Bhutan, Bolivia, Bonaire, Sint Eustatius and Saba, Bosnia and Herzegovina, Botswana, Bouvet Island, British Indian Ocean Territory, Brunei Darussalam, Bulgaria, Burkina Faso, Burundi, Cape Verde, Cambodia, Cameroon, Canada, Cayman Islands, Central African Republic, Chad, Chile, China, Christmas Island, Cocos (Keeling) Islands, Colombia, Comoros, Congo, Democratic Republic of the Congo, Cook Islands, Costa Rica, Côte d'Ivoire, Croatia, Cuba, Curaçao, Cyprus, Czech Republic, Denmark, Djibouti, Dominica, Dominican Republic, Ecuador, Egypt, El Salvador, Equatorial Guinea, Eritrea, Estonia, Eswatini, Ethiopia, Falkland Islands (Malvinas), Faroe Islands, Fiji, Finland, French Guiana, French Polynesia, French Southern Territories, Gabon, Gambia, Georgia, Germany, Ghana, Gibraltar, Greece, Greenland, Grenada, Guadeloupe, Guam, Guatemala, Guernsey, Guinea, Guinea-Bissau, Guyana, Haiti, Heard Island and McDonald Islands, Holy See (Vatican City State), Honduras, Hong Kong, Hungary, Iceland, India, Indonesia, Iran, Iraq, Ireland, Isle of Man, Israel, Italy, Jamaica, Japan, Jersey, Jordan, Kazakhstan, Kenya, Kiribati, North Korea, South Korea, Kuwait, Kyrgyzstan, Kosovo, Lao People's Democratic Republic, Latvia, Lebanon, Lesotho, Liberia, Libya, Liechtenstein, Lithuania, Luxembourg, Macao, North Macedonia, Madagascar, Malawi, Malaysia, Maldives, Mali, Malta, Marshall Islands, Martinique, Mauritania, Mauritius, Mayotte, Mexico, Micronesia, Federated States of, Republic of Moldova, Monaco, Mongolia, Montenegro, Montserrat, Morocco, Mozambique, Myanmar, Namibia, Nauru, Nepal, Netherlands, New Caledonia, New Zealand, Nicaragua, Niger, Nigeria, Niue, Norfolk Island, Northern Mariana Islands, Norway, Oman, Pakistan, Palau, Palestine, State of, Panama, Papua New Guinea, Paraguay, Peru, Philippines, Pitcairn, Poland, Puerto Rico, Qatar, Réunion, Romania, Russian Federation, Rwanda, Saint Barthélemy, Saint Helena, Ascension and Tristan da Cunha, Saint Kitts and Nevis, Saint Lucia, Saint Martin (French part), Saint Pierre and Miquelon, Saint Vincent and the Grenadines, Samoa, San Marino, Sao Tome and Principe, Saudi Arabia, Senegal, Serbia, Seychelles, Sierra Leone, Singapore, Sint Maarten (Dutch part), Slovakia, Slovenia, Solomon Islands, Somalia, Somaliland, South Georgia and the South Sandwich Islands, South Sudan, Spain, Sri Lanka, Sudan, Suriname, Svalbard and Jan Mayen, Sweden, Switzerland, Syrian Arab Republic, Taiwan, Tajikistan, United Republic of Tanzania, Thailand, Timor-Leste (East Timor), Togo, Tokelau, Tonga, Trinidad and Tobago, Tunisia, Turkey, Turkmenistan, Turks and Caicos Islands, Tuvalu, Uganda, Ukraine, United Kingdom, United States Minor Outlying Islands, United States of America, Uruguay, Uzbekistan, Vanuatu, Venezuela, Vietnam, Virgin Islands, British, Virgin Islands, U.S., Wallis and Futuna, Western Sahara, Yemen, Zambia, Zimbabwe",1,no policy,1,no policy,0,no policy,0,no policy,0,no policy,0,no policy,0,no policy,0,no policy,0
Anguilla,AIA,COMPLETE,SPECIFIC_COUNTRY,2020-07-12,0,no policy,0,no policy,0,no policy,0,no policy,0,no policy,0,no policy,0,no policy,1,"citizens, residents",1,"Aruba, Bonaire, St Eustatius and Saba, Belize, British Virgin Islands, Curacao, Dominica, Montserrat, Saint Barthelemy, St. Kitts/Nevis, St. Lucia, Saint Maarten/Saint Martin, US Virgin Islands, St. Vincent/Grenadines, Suriname, Bahamas, Trinidad and Tobago, Turks and Caicos Islands, Jamaica, Antigua and Barbuda, Bermuda, Cayman Islands, Barbados, Martinique, Guyana, Cuba, Grenada, Guadeloupe, France, Germany, Italy, Portugal, Spain",0
Åland Islands,ALA,COMPLETE,WORK_EXCEP,2020-11-19,0,no policy,0,no policy,0,no policy,0,no policy,0,no policy,0,no policy,0,no policy,1,"nationals of Finland, family members of nationals of Finland, passengers with a residence permit issued by Finland, residents of Finland with a British passport, residents of Finland who are nationals of  Austria, Belgium, Bulgaria, Croatia, Cyprus, Czechia, Denmark, Estonia, Finland, France, Germany, Greece, Hungary, Iceland, Ireland (Rep.), Italy, Latvia, Liechtenstein, Lithuania, Luxembourg, Malta, Netherlands, Norway, Poland, Portugal, Romania, Slovakia, Slovenia, Spain, Sweden or Switzerland and their family members",1,"Vactican City, Australia, South Korea, Japan, Rwanda, Signapore, Thailand, Uruguay, New Zealand, ",1
Albania,ALB,PARTIAL,BORDER_CLOSURE,2020-03-24,0,no policy,0,no policy,1,All ferries to/from Italy & other red areas are suspended,0,no policy,0,no policy,0,no policy,0,no policy,0,no policy,0,no policy,0
Andorra,AND,NOPOLICYIMPLEMENTED,NONE,2001-01-01,0,no policy,0,no policy,0,no policy,0,no policy,0,no policy,0,no policy,0,no policy,0,no policy,0,no policy,0
United Arab Emirates,ARE,PARTIAL,VISA_BAN,2020-04-03,0,no policy,0,no policy,0,no policy,0,no policy,0,no policy,0,no policy,1,New visa seekers and existing valid visa holders,0,no policy,0,no policy,0
Argentina,ARG,PARTIAL,BORDER_CLOSURE,2020-11-01,1,Only citizens allowed to fly,0,no policy,0,no policy,0,no policy,0,no policy,0,no policy,0,no policy,0,no policy,0,no policy,0
Armenia,ARM,PARTIAL,BORDER_CLOSURE,2020-03-24,1,"Australia, Canada, China, EU member states, Georgia, Iran, Israel, Japan, Norway, Russia, South Korea, Switzerland, Turkey, the UK and the US",0,no policy,0,no policy,0,no policy,0,no policy,0,no policy,0,no policy,0,no policy,0,no policy,0
American Samoa,ASM,COMPLETE,CITIZEN_EXCEP,2020-12-01,0,no policy,0,no policy,0,no policy,0,no policy,0,no policy,0,no policy,0,no policy,1,citizens,0,no policy,0
Antarctica,ATA,NOPOLICYIMPLEMENTED,NONE,2001-01-01,0,no policy,0,no policy,0,no policy,0,no policy,0,no policy,0,no policy,0,no policy,0,no policy,0,no policy,0
Antigua and Barbuda,ATG,COMPLETE,SPECIFIC_COUNTRY,2020-04-23,0,no policy,0,no policy,0,no policy,0,no policy,0,no policy,0,no policy,0,no policy,0,no policy,1,Dominican Republic,0
Australia,AUS,COMPLETE,SPECIFIC_COUNTRY,2020-10-16,0,no policy,0,no policy,0,no policy,0,no policy,0,no policy,0,no policy,0,no policy,1,"Australian Citizens, permanent residents in Australia, immediate family of Australian citizens or permanent residents, New Zealand citizens residing in Australia",1,New Zealand (quarantine free travel if people who have have been in New Zealand for 14 days or more and not been in a designated hotspot (still requires visa for non New Zealand citizens)),0
Austria,AUT,PARTIAL,BORDER_CLOSURE,2020-03-19,0,no policy,1,"Hungary, Slovenia",0,no policy,0,no policy,0,no policy,0,no policy,0,no policy,0,no policy,0,no policy,0
Azerbaijan,AZE,PARTIAL,BORDER_CLOSURE,2020-08-29,1,no policy,0,no policy,0,no policy,0,no policy,0,no policy,0,no policy,0,no policy,0,no policy,0,no policy,0
Burundi,BDI,PARTIAL,BORDER_CLOSURE,2021-01-11,0,no policy,1,no policy,1,no policy,0,no policy,0,no policy,0,no policy,0,no policy,0,no policy,0,no policy,0
Belgium,BEL,PARTIAL,BORDER_CLOSURE,2020-04-15,1,"All countries except Austria, Belgium, Bulgaria, Croatia, Republic of Cyprus, Czech Republic, Denmark, Estonia, Finland, France, Germany, Greece, Hungary, Ireland, Italy, Latvia, Lithuania, Luxembourg, Malta, Netherlands, Poland, Portugal, Romania, Slovakia, Slovenia, Spain, Sweden, Iceland, Liechtenstein, Norway, UK, Switzerland",0,no policy,0,no policy,0,no policy,0,no policy,0,no policy,0,no policy,0,no policy,0,no policy,0
Benin,BEN,PARTIAL,BORDER_CLOSURE,2020-04-17,0,no policy,1,Togo,0,no policy,0,no policy,0,no policy,0,no policy,0,no policy,0,no policy,0,no policy,0
"Bonaire, Sint Eustatius and Saba",BES,COMPLETE,WORK_EXCEP,2020-11-20,0,no policy,0,no policy,0,no policy,0,no policy,0,no policy,0,no policy,0,no policy,1,"citizens, permanent residents",1,"Saba, Antiga, Anguilla, Montserrat, Saint Vincent, Saint Kits and Nevis",1
Burkina Faso,BFA,PARTIAL,BORDER_CLOSURE,2020-08-01,0,no policy,1,no policy,0,no policy,0,no policy,0,no policy,0,no policy,0,no policy,0,no policy,0,no policy,0
Bangladesh,BGD,PARTIAL,BORDER_CLOSURE,2020-12-18,1,"all EXCEPT Bahrain, China, Kuwait, Malaysia, Maldives, Oman, Qatar, Saudi Arabia, Singapore, Sri Lanka, Turkey, United Arab Emirates, United Kingdom ",0,no policy,0,no policy,0,no policy,0,no policy,0,no policy,0,no policy,0,no policy,0,no policy,0
Bulgaria,BGR,COMPLETE,SPECIFIC_COUNTRY,2020-07-16,0,no policy,0,no policy,0,no policy,0,no policy,0,no policy,0,no policy,0,no policy,1,"citizens, residents",1,"The Republic of Austria, The Kingdom of Netherlands, The Federal Republic of Germany, The Republic of Poland, The Hellenic Republic, The Kingdom of Denmark, Romania, The Republic of Estonia, The Slovak Republic, The Republic of Slovenia, The Republic of Finland, The Republic of Cyprus, The French Republic, The Republic of Latvia, The Republic of Croatia, The Republic of Lithuania, The Czech Republic, The Grand Duchy of Luxembourg, Iceland, The Kingdom of Norway, The Principality of Liechtenstein, The Swiss Confederation, The Republic of San Marino,The Principality of Andorra, The Principality of Monaco, The Vatican City State, The Republic of Malta, The Italian Republic, The Kingdom of Spain, The Republic of Ireland, The Kingdom of Belgium, The United Kingdom of Great Britain and Northern Ireland, The People’s Democratic Republic of Algeria, The Commonwealth of Australia, Canada, Georgia, Japan, The Kingdom of Morocco, New Zealand, The Republic of Rwanda, The Republic of Korea, The Kingdom of Thailand, The Republic of Tunisia, The Oriental Republic of Uruguay, Ukraine",0
Bahrain,BHR,COMPLETE,CITIZEN_EXCEP,2020-06-04,0,no policy,0,no policy,0,no policy,0,no policy,0,no policy,0,no policy,0,no policy,1,"citizens, permanent residents",0,no policy,0
Bahamas,BHS,COMPLETE,ESSENTIAL_ONLY,2020-03-24,0,no policy,0,no policy,0,no policy,0,no policy,0,no policy,0,no policy,0,no policy,0,no policy,0,no policy,0
Bosnia and Herzegovina,BIH,PARTIAL,CITIZENSHIP_BAN,2020-07-14,0,no policy,0,no policy,0,no policy,1,all non-European Union countries,0,no policy,0,no policy,0,no policy,0,no policy,0,no policy,0
Saint Barthélemy,BLM,COMPLETE,SPECIFIC_COUNTRY,2020-03-17,0,no policy,0,no policy,0,no policy,0,no policy,0,no policy,0,no policy,0,no policy,1,"citizens, family",1,"Saint-Martin, Guadeloupe, Martinique, France",0
Belarus,BLR,PARTIAL,BORDER_CLOSURE,2020-11-01,0,no policy,1,no policy,0,no policy,0,no policy,0,no policy,0,no policy,0,no policy,0,no policy,0,no policy,0
Belize,BLZ,PARTIAL,BORDER_CLOSURE,2020-10-01,0,no policy,1,no policy,1,no policy,0,no policy,0,no policy,0,no policy,0,no policy,0,no policy,0,no policy,0
Bermuda,BMU,COMPLETE,WORK_EXCEP,2020-03-23,0,no policy,0,no policy,0,no policy,0,no policy,0,no policy,0,no policy,0,no policy,1," citizens, residents and dependent of residents ",0,no policy,1
"Bolivia, Plurinational State of",BOL,COMPLETE,CITIZEN_EXCEP,2020-05-31,0,no policy,0,no policy,0,no policy,0,no policy,0,no policy,0,no policy,0,no policy,1,"citizens, residents, diplomats",0,no policy,0
Brazil,BRA,COMPLETE,CITIZEN_EXCEP,2020-05-22,0,no policy,0,no policy,0,no policy,0,no policy,0,no policy,0,no policy,0,no policy,1,"Residents, Brazilian Nationals, Humanitarian Aid Workers",0,no policy,0
Barbados,BRB,COMPLETE,ESSENTIAL_ONLY,2020-04-17,0,no policy,0,no policy,0,no policy,0,no policy,0,no policy,0,no policy,0,no policy,0,no policy,0,no policy,0
Brunei Darussalam,BRN,COMPLETE,WORK_EXCEP,2020-09-21,0,no policy,0,no policy,0,no policy,0,no policy,0,no policy,0,no policy,0,no policy,1,"citizens, permanent residents",0,no policy,1
Bhutan,BTN,COMPLETE,ESSENTIAL_ONLY,2020-09-08,0,no policy,0,no policy,0,no policy,0,no policy,0,no policy,0,no policy,0,no policy,0,no policy,0,no policy,0
Botswana,BWA,COMPLETE,CITIZEN_EXCEP,2020-04-30,0,no policy,0,no policy,0,no policy,0,no policy,0,no policy,0,no policy,0,no policy,1,"citizens, residents",0,no policy,0
Central African Republic,CAF,PARTIAL,BORDER_CLOSURE,2020-07-25,1,Commercial flights from Bangui Mpoko are allowed to operate again,0,no policy,0,no policy,0,no policy,0,no policy,0,no policy,0,no policy,0,no policy,0,no policy,0
Canada,CAN,COMPLETE,WORK_EXCEP,2020-09-17,0,no policy,0,no policy,0,no policy,0,no policy,0,no policy,0,no policy,0,no policy,1,"citizens, permanent residents, family members of citizens and permanent residents",0,no policy,1
Cocos (Keeling) Islands,CCK,COMPLETE,SPECIFIC_COUNTRY,2020-09-02,0,no policy,0,no policy,0,no policy,0,no policy,0,no policy,0,no policy,0,no policy,1,"residents, essential staff",1,Western Australia,0
Switzerland,CHE,PARTIAL,BORDER_CLOSURE,2020-06-15,1,All non-Schengen,0,no policy,0,no policy,0,no policy,0,no policy,0,no policy,0,no policy,0,no policy,0,no policy,0
Chile,CHL,PARTIAL,BORDER_CLOSURE,2020-11-23,0,no policy,1,no policy,1,no policy,0,no policy,0,no policy,0,no policy,0,no policy,0,no policy,0,no policy,0
China,CHN,PARTIAL,VISA_BAN,2020-09-23,0,no policy,0,no policy,0,no policy,0,no policy,0,no policy,0,no policy,1,no policy,0,no policy,0,no policy,0
Côte d'Ivoire,CIV,PARTIAL,BORDER_CLOSURE,2020-08-18,1,Mali,0,no policy,0,no policy,0,no policy,0,no policy,0,no policy,0,no policy,0,no policy,0,no policy,0
Cameroon,CMR,PARTIAL,BORDER_CLOSURE,2020-10-25,1,Citizens,1,no policy,1,no policy,0,no policy,0,no policy,0,no policy,0,no policy,0,no policy,0,no policy,0
"Congo, The Democratic Republic of the",COD,PARTIAL,BORDER_CLOSURE,2020-04-03,1,no policy,0,no policy,0,no policy,0,no policy,0,no policy,0,no policy,0,no policy,0,no policy,0,no policy,0
Congo,COG,COMPLETE,ESSENTIAL_ONLY,2020-03-31,0,no policy,0,no policy,0,no policy,0,no policy,0,no policy,0,no policy,0,no policy,0,no policy,0,no policy,0
Cook Islands,COK,COMPLETE,WORK_EXCEP,2020-08-30,0,no policy,0,no policy,0,no policy,0,no policy,0,no policy,0,no policy,0,no policy,1,"citizens, permanent residents",0,no policy,1
Colombia,COL,COMPLETE,ESSENTIAL_ONLY,2020-07-08,0,no policy,0,no policy,0,no policy,0,no policy,0,no policy,0,no policy,0,no policy,0,no policy,0,no policy,0
Comoros,COM,COMPLETE,CITIZEN_EXCEP,2020-03-23,0,no policy,0,no policy,0,no policy,0,no policy,0,no policy,0,no policy,0,no policy,1,Yes,0,no policy,0
Cabo Verde,CPV,PARTIAL,BORDER_CLOSURE,2020-10-12,0,no policy,1,no policy,0,no policy,0,no policy,0,no policy,0,no policy,0,no policy,0,no policy,0,no policy,0
Costa Rica,CRI,COMPLETE,SPECIFIC_COUNTRY,2020-11-01,0,no policy,0,no policy,0,no policy,0,no policy,0,no policy,0,no policy,0,no policy,1,residents,1,Authorities will ease restrictions on international tourism from November 1 by allowing tourists to enter the country regardless of their country of departure as authorities gradually ease restrictions imposed due to the coronavirus disease (COVID-19) pandemic.,0
Cuba,CUB,PARTIAL,BORDER_CLOSURE,2020-07-31,1,no policy,0,no policy,0,no policy,0,no policy,0,no policy,0,no policy,0,no policy,0,no policy,0,no policy,0
Curaçao,CUW,COMPLETE,SPECIFIC_COUNTRY,2020-10-27,0,no policy,0,no policy,0,no policy,0,no policy,0,no policy,0,no policy,0,no policy,1,residents,1,"Anguillla, Antigua and Barbuda, Aruba, Austria, Azerbaijan, Barbados, Bermuda, Bonaire, St. Eustatius and Saba, Canada, Cayman Isl., China (People's Rep.), Taiwan, Cuba, Denmark, Dominica, Finland, French Guiana, Germany, Greece, Grenada, Guyana, Hong Kong, Hungary, India, Italy, Jamaica, Monteserrat, Morocco, Netherlands, New Zealand, Norway, Poland, St. Barthelemy, St. Kitts and Nevis, St. Lucia, St. Maarten, St. Vincent and the Grenadines, Suriname, Sweden, Trinidad and Tobago, Turkey, Turks and Caicos Isl., Uruguay, Virgin Isl. (British), United States",0
Christmas Island,CXR,PARTIAL,BORDER_CLOSURE,2020-11-15,1,only visitors from “very low risk states” of Australia PERMITED,0,no policy,0,no policy,0,no policy,0,no policy,0,no policy,0,no policy,0,no policy,0,no policy,0
Cayman Islands,CYM,PARTIAL,BORDER_CLOSURE,2020-08-08,1,no policy,0,no policy,0,no policy,0,no policy,0,no policy,0,no policy,0,no policy,0,no policy,0,no policy,0
Cyprus,CYP,COMPLETE,SPECIFIC_COUNTRY,2020-12-21,0,no policy,0,no policy,0,no policy,0,no policy,0,no policy,0,no policy,0,no policy,1,"citizens, permanent residents, family of citizens and permanent residents",1,"Australia, China, Denmark, Estonia, Finland, Germany, Greece, Hong Kong, Japan, South Korea, Latvia, Lithuania, New Zealand, Norway, Rwanda, San Marino, Serbia, Singapore, Sweden, Thailand, United Kingdom, Uruguay, Vatican City",0
Czechia,CZE,PARTIAL,VISA_BAN,2020-04-21,0,no policy,0,no policy,0,no policy,0,no policy,0,no policy,0,no policy,1,"China, Hong Kong",0,no policy,0,no policy,0
Germany,DEU,PARTIAL,BORDER_CLOSURE,2020-04-15,1,"Austria, Switzerland, France, Luxembourg, Denmark, Italy, Spain",1,"Austria, Switzerland, France, Luxembourg, Denmark",1,Denmark,0,no policy,0,no policy,0,no policy,0,no policy,0,no policy,0,no policy,0
Djibouti,DJI,PARTIAL,BORDER_CLOSURE,2020-10-22,0,no policy,1,no policy,0,no policy,0,no policy,0,no policy,0,no policy,0,no policy,0,no policy,0,no policy,0
Dominica,DMA,COMPLETE,CITIZEN_EXCEP,2020-04-16,0,no policy,0,no policy,0,no policy,0,no policy,0,no policy,0,no policy,0,no policy,1,"citizens, permanent residents",0,no policy,0
Denmark,DNK,PARTIAL,CITIZENSHIP_BAN,2020-10-31,0,no policy,0,no policy,0,no policy,1,"Afghanistan Åland Islands Albania Algeria American Samoa Angola Anguilla Antarctica Antigua and Barbuda Argentina Armenia Aruba Azerbaijan Bahamas Bahrain Bangladesh Barbados Belarus Belize Benin Bermuda Bhutan Bolivia Bonaire, Sint Eustatius and Saba Bosnia and Herzegovina Botswana Bouvet Island Brazil British Indian Ocean Territory Brunei Burkina Faso Burundi Cabo Verde Cambodia Cameroon Cayman Islands Central African Republic Chad Chile China Christmas Island Cocos (Keeling) Islands Colombia Comoros Congo Democratic Republic of the Congo Cook Islands Costa Rica Côte d'Ivoire Cuba Curaçao Djibouti Dominica Dominican Republic Ecuador Egypt El Salvador Equatorial Guinea Eritrea Eswatini Ethiopia Falkland Islands (Malvinas) Faroe Islands Fiji French Guiana French Polynesia French Southern Territories Gabon Gambia Ghana Gibraltar Greece Greenland Grenada Guadeloupe Guam Guatemala Guernsey Guinea Guinea-Bissau Guyana Haiti Heard Island and McDonald Islands Honduras Hong Kong India Indonesia Iran Iraq Isle of Man Israel Jamaica Jersey Jordan Kazakhstan Kenya Kiribati North Korea Kuwait Kyrgyzstan Kosovo Laos Lebanon Lesotho Liberia Libya Macao North Macedonia Madagascar Malawi Malaysia Maldives Mali Marshall Islands Martinique Mauritania Mauritius Mayotte Mexico Micronesia Moldova Mongolia Montenegro Montserrat Morocco Mozambique Myanmar Namibia Nauru Nepal New Caledonia Nicaragua Niger Nigeria Niue Norfolk Island Northern Mariana Islands Oman Pakistan Palau Palestine, State of Panama Papua New Guinea Paraguay Peru Philippines Pitcairn Portugal Puerto Rico Qatar Réunion Russian Federation Rwanda Saint Barthélemy Saint Helena, Ascension and Tristan da Cunha Saint Kitts and Nevis Saint Lucia Saint Martin (French part) Saint Pierre and Miquelon Saint Vincent and the Grenadines Samoa Sao Tome and Principe Saudi Arabia Senegal Serbia Seychelles Sierra Leone Singapore Sint Maarten (Dutch part) Solomon Islands Somalia Somaliland South Africa South Georgia and the South Sandwich Islands South Sudan Sri Lanka Sudan Suriname Svalbard and Jan Mayen Syrian Arab Republic Taiwan Tajikistan Tanzania Timor-Leste Togo Tokelau Tonga Trinidad and Tobago Turkey Turkmenistan Turks and Caicos Islands Tuvalu Uganda Ukraine United Arab Emirates United States Minor Outlying Islands United States Uzbekistan Vanuatu Venezuela Vietnam Virgin Islands, British Virgin Islands, U.S. Wallis and Futuna Western Sahara Yemen Zambia Zimbabwe ",0,no policy,0,no policy,0,no policy,0,no policy,0,no policy,0
Dominican Republic,DOM,PARTIAL,BORDER_CLOSURE,2020-12-22,1,United Kingdom,0,no policy,0,no policy,0,no policy,0,no policy,0,no policy,0,no policy,0,no policy,0,no policy,0
Algeria,DZA,PARTIAL,BORDER_CLOSURE,2020-03-19,1,"Albania, Andorra, Armenia, Austria, Belarus, Belguim, Bosnia, Bulgaria, Croatia, Cyprus, Czechia, Azerbaijan, Denmark, Estonia, Finland, France, Georgia, Germany, Greece, Hungary, Iceland, Ireland, Italy, Kazakhstan, Kosovo, Latvia, Liechtenstein, Lituania, Luxembourg, Malta, Moldova, Monaco, Montenegro, Netherlands, North Macedonia, Norway, Poland, Portugal, Romania, Russia, San Marino, Serbia, Slovakia, Slovenia, Spain, Sweden, Switzerland, Turkey, Ukraine, United Kingdom,Morocco, China",0,no policy,0,no policy,0,no policy,0,no policy,0,no policy,0,no policy,0,no policy,0,no policy,0
Ecuador,ECU,PARTIAL,BORDER_CLOSURE,2020-06-01,0,no policy,1,no policy,1,no policy,0,no policy,0,no policy,0,no policy,0,no policy,0,no policy,0,no policy,0
Egypt,EGY,PARTIAL,BORDER_CLOSURE,2020-04-27,1,no policy,0,no policy,0,no policy,0,no policy,0,no policy,0,no policy,0,no policy,0,no policy,0,no policy,0
Eritrea,ERI,COMPLETE,ESSENTIAL_ONLY,2020-03-25,0,no policy,0,no policy,0,no policy,0,no policy,0,no policy,0,no policy,0,no policy,0,no policy,0,no policy,0
Sahrawi Arab Democratic Republic,ESH,COMPLETE,ESSENTIAL_ONLY,2020-03-19,0,no policy,0,no policy,0,no policy,0,no policy,0,no policy,0,no policy,0,no policy,0,no policy,0,no policy,0
Spain,ESP,COMPLETE,WORK_EXCEP,2020-07-04,0,no policy,0,no policy,0,no policy,0,no policy,0,no policy,0,no policy,0,no policy,1,"Citizens, ",1,"Austria, Belgium, Bulgaria, Croatia, Cyprus, Czech Republic, Denmark, Estonia, Finland, France, Germany, Greece, Hungary, Iceland, Ireland, Italy, Latvia, Liechtenstein, Lithuania, Luxembourg, Malta, Netherlands, Norway, Poland, Portugal, Romania, Slovakia, Slovenia, Sweden, Switzerland, Andorra, Monaco, Holy See, San Marino, Algeria, Australia, Canada, Georgia, Japan, Montenegro, Morocco, New Zealand, Rwanda, Serbia, South Korea, Thailand, Tunisia, Uruguay, China ",1
Estonia,EST,COMPLETE,SPECIFIC_COUNTRY,2020-09-13,0,no policy,0,no policy,0,no policy,0,no policy,0,no policy,0,no policy,0,no policy,1,"citizens, permanent residents",1,"Austria, Belgium, Bulgaria, Croatia, Cyprus, Czechia, Denmark, Finland, France, Germany, Greece, Hungary, Italy, Latvia, Lithuania, Luxembourg, Malta, Netherlands, Poland, Portugal, Romania, Slovakia, Slovenia, Spain, Sweden, Australia, Canada, Georgia, Japan, New Zealand, Rwanda, South Korea, Thailand, Tunisia, Uruguay, United Kingdom, Ireland, Andorra, Monaco, San Marino, Vatican City, ",0
Ethiopia,ETH,PARTIAL,BORDER_CLOSURE,2020-04-14,0,no policy,1,no policy,0,no policy,0,no policy,0,no policy,0,no policy,0,no policy,0,no policy,0,no policy,0
European Union,EUR,COMPLETE,WORK_EXCEP,2020-10-27,0,no policy,0,no policy,0,no policy,0,no policy,0,no policy,0,no policy,0,no policy,1,residents,1,"Australia, Japan, New Zealand, Rwanda, Singapore, South Korea, Thailand, Uruguay, subject to confirmation of reciprocity China, Hong Kong, Macao",1
Finland,FIN,COMPLETE,WORK_EXCEP,2020-11-09,0,no policy,0,no policy,0,no policy,0,no policy,0,no policy,0,no policy,0,no policy,1,"nationals of Finland, family members of nationals of Finland, passengers with a residence permit issued by Finland, residents of Finland with a British passport, residents of Finland who are nationals of  Austria, Belgium, Bulgaria, Croatia, Cyprus, Czechia, Denmark, Estonia, Finland, France, Germany, Greece, Hungary, Iceland, Ireland (Rep.), Italy, Latvia, Liechtenstein, Lithuania, Luxembourg, Malta, Netherlands, Norway, Poland, Portugal, Romania, Slovakia, Slovenia, Spain, Sweden or Switzerland and their family members",1,"Vactican City, Australia, South Korea, Japan, Rwanda, Signapore, Thailand, Uruguay, New Zealand",1
Fiji,FJI,COMPLETE,ESSENTIAL_ONLY,2020-03-30,0,no policy,0,no policy,0,no policy,0,no policy,0,no policy,0,no policy,0,no policy,0,no policy,0,no policy,0
Falkland Islands (Malvinas),FLK,COMPLETE,WORK_EXCEP,2020-04-08,0,no policy,0,no policy,0,no policy,0,no policy,0,no policy,0,no policy,0,no policy,1,"citizens, residents",0,no policy,1
France,FRA,COMPLETE,WORK_EXCEP,2020-12-23,0,no policy,0,no policy,0,no policy,0,no policy,0,no policy,0,no policy,0,no policy,1,"citizens, permanent residents, family members of citizens and permanent residents",1,"Austria, Belgium, Bulgaria, Croatia, Republic of Cyprus, Czech Republic, Denmark, Estonia, Finland, France, Germany, Greece, Hungary, Ireland, Italy, Latvia, Lithuania, Luxembourg, Malta, Netherlands, Poland, Portugal, Romania, Slovakia, Slovenia, Spain, Sweden, Andorra, Australia, the Holy See, Iceland, Japan, Liechtenstein, Monaco, New Zealand, Norway, Rwanda, San Marino, South Korea, Singapore, Switzerland, Thailand, the United Kingdom",1
Faroe Islands,FRO,COMPLETE,WORK_EXCEP,2020-06-27,0,no policy,0,no policy,0,no policy,0,no policy,0,no policy,0,no policy,0,no policy,1,residents,1,"Austria, Belgium, Bulgaria, Croatia, Republic of Cyprus, Czech Republic, Denmark, Estonia, Finland, France, Germany, Greece, Hungary, Ireland, Italy, Latvia, Lithuania, Luxembourg, Malta, Netherlands, Poland, Portugal, Romania, Slovakia, Slovenia, Spain, Sweden, Iceland, Norway, Switzerland, Liechtenstein, United Kingdom",1
"Micronesia, Federated States of",FSM,COMPLETE,ESSENTIAL_ONLY,2020-04-15,0,no policy,0,no policy,0,no policy,0,no policy,0,no policy,0,no policy,0,no policy,0,no policy,0,no policy,0
Gabon,GAB,PARTIAL,BORDER_CLOSURE,2020-09-19,0,no policy,1,no policy,1,no policy,0,no policy,0,no policy,0,no policy,0,no policy,0,no policy,0,no policy,0
United Kingdom,GBR,PARTIAL,HISTORY_BAN,2020-11-13,0,no policy,0,no policy,0,no policy,0,no policy,1,Denmark,0,no policy,0,no policy,0,no policy,0,no policy,0
Georgia,GEO,COMPLETE,ESSENTIAL_ONLY,2020-03-21,0,no policy,0,no policy,0,no policy,0,no policy,0,no policy,0,no policy,0,no policy,0,no policy,0,no policy,0
Guernsey,GGY,NOPOLICYIMPLEMENTED,NONE,2001-01-01,0,no policy,0,no policy,0,no policy,0,no policy,0,no policy,0,no policy,0,no policy,0,no policy,0,no policy,0
Ghana,GHA,PARTIAL,BORDER_CLOSURE,2020-03-17,1,no policy,0,no policy,0,no policy,0,no policy,0,no policy,0,no policy,0,no policy,0,no policy,0,no policy,0
Guinea,GIN,PARTIAL,BORDER_CLOSURE,2020-05-06,1,no policy,0,no policy,0,no policy,0,no policy,0,no policy,0,no policy,0,no policy,0,no policy,0,no policy,0
Guadeloupe,GLP,COMPLETE,SPECIFIC_COUNTRY,2020-06-08,0,no policy,0,no policy,0,no policy,0,no policy,0,no policy,0,no policy,0,no policy,1,"reunification, essential workers, citizens",1,"Martinique, Saint Barthelemy, St. Martin",0
Gambia,GMB,PARTIAL,BORDER_CLOSURE,2020-09-17,1,"United Kingdom, Spain, France, Poland, Germany, Sweden, Denmark, Switzerland, Netherlands, Norway, Austria, Belgium, Portugal",0,no policy,0,no policy,0,no policy,0,no policy,0,no policy,0,no policy,0,no policy,0,no policy,0
Guinea-Bissau,GNB,COMPLETE,ESSENTIAL_ONLY,2020-03-17,0,no policy,0,no policy,0,no policy,0,no policy,0,no policy,0,no policy,0,no policy,0,no policy,0,no policy,0
Equatorial Guinea,GNQ,PARTIAL,BORDER_CLOSURE,2020-04-15,1,no policy,0,no policy,0,no policy,0,no policy,0,no policy,0,no policy,0,no policy,0,no policy,0,no policy,0
Greece,GRC,PARTIAL,CITIZENSHIP_BAN,2020-10-25,0,no policy,0,no policy,0,no policy,1,"All non-EU residents EXCEPT Singapore, Australia, Japan, New Zealand, Rwanda, South Korea, Thailand, Uruguay, United Arab Emirates",0,no policy,0,no policy,0,no policy,0,no policy,0,no policy,0
Grenada,GRD,PARTIAL,BORDER_CLOSURE,2020-12-20,1,United Kingdom,0,no policy,0,no policy,0,no policy,0,no policy,0,no policy,0,no policy,0,no policy,0,no policy,0
Greenland,GRL,COMPLETE,WORK_EXCEP,2020-10-31,0,no policy,0,no policy,0,no policy,0,no policy,0,no policy,0,no policy,0,no policy,1,"nationals, residents, foreign spouses and/or children of citizens, those the Danish government determines have worthy purpose of travel",1,"Australia, Japan, New Zealand, Singapore, South Korea, Thailand, Uruguay",1
Guatemala,GTM,COMPLETE,CITIZEN_EXCEP,2020-04-26,0,no policy,0,no policy,0,no policy,0,no policy,0,no policy,0,no policy,0,no policy,1,"citizens, permanent residents, temporary residents, diplomats residing in Guatemala",0,no policy,0
French Guiana,GUF,COMPLETE,CITIZEN_EXCEP,2020-03-23,0,no policy,0,no policy,0,no policy,0,no policy,0,no policy,0,no policy,0,no policy,1,"residents, family",0,no policy,0
Guam,GUM,NOPOLICYIMPLEMENTED,NONE,2001-01-01,0,no policy,0,no policy,0,no policy,0,no policy,0,no policy,0,no policy,0,no policy,0,no policy,0,no policy,0
Guyana,GUY,PARTIAL,BORDER_CLOSURE,2020-03-27,0,no policy,1,no policy,0,no policy,0,no policy,0,no policy,0,no policy,0,no policy,0,no policy,0,no policy,0
Hong Kong,HKG,PARTIAL,BORDER_CLOSURE,2020-04-06,1,no policy,0,no policy,0,no policy,0,no policy,0,no policy,0,no policy,0,no policy,0,no policy,0,no policy,0
Honduras,HND,PARTIAL,BORDER_CLOSURE,2020-03-21,1,no policy,0,no policy,0,no policy,0,no policy,0,no policy,0,no policy,0,no policy,0,no policy,0,no policy,0
Croatia,HRV,PARTIAL,BORDER_CLOSURE,2020-09-15,0,no policy,1,no policy,0,no policy,0,no policy,0,no policy,0,no policy,0,no policy,0,no policy,0,no policy,0
Haiti,HTI,COMPLETE,CITIZEN_EXCEP,2020-04-14,0,no policy,0,no policy,0,no policy,0,no policy,0,no policy,0,no policy,0,no policy,1,does not apply to domestic flights,0,no policy,0
Hungary,HUN,COMPLETE,SPECIFIC_COUNTRY,2020-09-01,0,no policy,0,no policy,0,no policy,0,no policy,0,no policy,0,no policy,0,no policy,1,"including citizens, permanent residents",1," Czech Republic, Poland, Slovakia",0
Indonesia,IDN,COMPLETE,WORK_EXCEP,2020-04-01,0,no policy,0,no policy,0,no policy,0,no policy,0,no policy,0,no policy,0,no policy,1,"citizens, permanent residents",0,no policy,1
Isle of Man,IMN,COMPLETE,CITIZEN_EXCEP,2020-03-23,0,no policy,0,no policy,0,no policy,0,no policy,0,no policy,0,no policy,0,no policy,1,"citizens, residents",0,no policy,0
India,IND,PARTIAL,BORDER_CLOSURE,2020-03-22,1,no policy,0,no policy,0,no policy,0,no policy,0,no policy,0,no policy,0,no policy,0,no policy,0,no policy,0
British Indian Ocean Territory,IOT,PARTIAL,BORDER_CLOSURE,2020-04-24,0,no policy,0,no policy,1,no policy,0,no policy,0,no policy,0,no policy,0,no policy,0,no policy,0,no policy,0
Ireland,IRL,PARTIAL,VISA_BAN,2020-09-25,0,no policy,0,no policy,0,no policy,0,no policy,0,no policy,0,no policy,1,"only accpeting certain long-stay visas which include categories such as Third level study at primary degree and postgraduate level, Employment and Join Family",0,no policy,0,no policy,0
"Iran, Islamic Republic of",IRN,PARTIAL,BORDER_CLOSURE,2020-03-16,1," Iran, China, Hong Kong, Macau, Taiwan",0,no policy,0,no policy,0,no policy,0,no policy,0,no policy,0,no policy,0,no policy,0,no policy,0
Iraq,IRQ,PARTIAL,BORDER_CLOSURE,2020-10-27,1,"Kuwait, Bahrain ",0,no policy,0,no policy,0,no policy,0,no policy,0,no policy,0,no policy,0,no policy,0,no policy,0
Iceland,ISL,COMPLETE,WORK_EXCEP,2020-11-04,0,no policy,0,no policy,0,no policy,0,no policy,0,no policy,0,no policy,0,no policy,1,"Citizens, permanent residents, family members of citizens",1,"EU, EFTA, UK nationals, Australia, Canada, Georgia, Japan, New Zealand, Rwanda, South Korea, Thailand, Tunisia and Uruguay ",1
Israel,ISR,PARTIAL,BORDER_CLOSURE,2020-09-25,1,no policy,0,no policy,0,no policy,0,no policy,0,no policy,0,no policy,0,no policy,0,no policy,0,no policy,0
Italy,ITA,COMPLETE,SPECIFIC_COUNTRY,2020-10-24,0,no policy,0,no policy,0,no policy,0,no policy,0,no policy,0,no policy,0,no policy,1,"Citizens, permanent residents",1,"EU, EFTA, UK nationals, Australia, Canada, Georgia, Japan, New Zealand, Romania, Rwanda, The Republic of Korea, Thailand, Tunisia, Uruguay",0
Jamaica,JAM,PARTIAL,BORDER_CLOSURE,2020-12-21,1,United Kingdom,0,no policy,0,no policy,0,no policy,0,no policy,0,no policy,0,no policy,0,no policy,0,no policy,0
Jersey,JEY,NOPOLICYIMPLEMENTED,NONE,2001-01-01,0,no policy,0,no policy,0,no policy,0,no policy,0,no policy,0,no policy,0,no policy,0,no policy,0,no policy,0
Jordan,JOR,PARTIAL,BORDER_CLOSURE,2020-08-11,0,no policy,1,"The border crossings of King Hussein Bridge, Sheikh Hussein Bridge, and Al-Mudawara will operate at limited capacity and will bar those who do not have Jordanian, Palestinian, or Saudi nationality",0,no policy,0,no policy,0,no policy,0,no policy,0,no policy,0,no policy,0,no policy,0
Japan,JPN,COMPLETE,CITIZEN_EXCEP,2021-01-13,0,no policy,0,no policy,0,no policy,0,no policy,0,no policy,0,no policy,0,no policy,1,residents,0,no policy,0
Kazakhstan,KAZ,COMPLETE,CITIZEN_EXCEP,2020-03-16,0,no policy,0,no policy,0,no policy,0,no policy,0,no policy,0,no policy,0,no policy,1,"citizens, foreigners with residence permits, family of citizens",0,no policy,0
Kenya,KEN,PARTIAL,BORDER_CLOSURE,2020-08-01,0,no policy,1,no policy,1,no policy,0,no policy,0,no policy,0,no policy,0,no policy,0,no policy,0,no policy,0
Kyrgyzstan,KGZ,COMPLETE,CITIZEN_EXCEP,2020-03-17,0,no policy,0,no policy,0,no policy,0,no policy,0,no policy,0,no policy,0,no policy,1,citizens,0,no policy,0
Cambodia,KHM,PARTIAL,BORDER_CLOSURE,2020-08-24,0,no policy,1,"Thailand, Laos",0,no policy,0,no policy,0,no policy,0,no policy,0,no policy,0,no policy,0,no policy,0
Kiribati,KIR,COMPLETE,CITIZEN_EXCEP,2020-03-23,0,no policy,0,no policy,0,no policy,0,no policy,0,no policy,0,no policy,0,no policy,1,"citizens, permanent residents",0,no policy,0
Saint Kitts and Nevis,KNA,PARTIAL,BORDER_CLOSURE,2020-08-29,1,"except with the prior written permission of the Air Ports Authorities, in consultation with the Chief Medical Officer;",1,no policy,1,"except with the prior written permission of the Ports Authorities, in consultation with the Chief Medical Officer;",0,no policy,0,no policy,0,no policy,0,no policy,0,no policy,0,no policy,0
"Korea, Republic of",KOR,PARTIAL,BORDER_CLOSURE,2020-04-17,1,ONLY Incheon International Airport (ICN) open,0,no policy,0,no policy,0,no policy,0,no policy,0,no policy,0,no policy,0,no policy,0,no policy,0
Kuwait,KWT,PARTIAL,BORDER_CLOSURE,2020-12-01,0,no policy,1,Iran,0,no policy,0,no policy,0,no policy,0,no policy,0,no policy,0,no policy,0,no policy,0
Lao People's Democratic Republic,LAO,PARTIAL,VISA_BAN,2020-06-02,0,no policy,0,no policy,0,no policy,0,no policy,0,no policy,0,no policy,1,countries with increasing COVID-19 infections remains suspended,0,no policy,0,no policy,0
Lebanon,LBN,PARTIAL,BORDER_CLOSURE,2020-11-14,0,no policy,1,no policy,1,no policy,0,no policy,0,no policy,0,no policy,0,no policy,0,no policy,0,no policy,0
Liberia,LBR,PARTIAL,BORDER_CLOSURE,2020-04-29,0,no policy,1,no policy,0,no policy,0,no policy,0,no policy,0,no policy,0,no policy,0,no policy,0,no policy,0
Libya,LBY,PARTIAL,BORDER_CLOSURE,2020-07-19,1,"The Tripoli-based Government of National Accord (GNA) extended a ban on civil aviation for a further 15 days as of Sunday, July 19. **The ban excludes official visits, medevac and cargo flights, return flights for Libyans abroad, and departure flights for both Libyans and foreigners.",0,no policy,0,no policy,0,no policy,0,no policy,0,no policy,0,no policy,0,no policy,0,no policy,0
Saint Lucia,LCA,COMPLETE,SPECIFIC_COUNTRY,2020-07-03,0,no policy,0,no policy,0,no policy,0,no policy,0,no policy,0,no policy,0,no policy,1,"citizens, permanent residents, family members of citizens and permanent residents",1,"Antigua, Barbuda, Aruba, Anguilla, Bahamas, Barbados, Bermuda, Bonaire, British Virgin Islands, Curaçao, Dominica, Grenada, Guyana, Jamaica, Monsterrat, Saint Barthelemy, Saint Kitts and Nevis, Saint Martin, Saint Vincent and the Grenadines, Saint Martin, Trinidad and Tobago and Turks and Caicos",0
Sri Lanka,LKA,PARTIAL,BORDER_CLOSURE,2020-12-23,1,United Kingdom,0,no policy,0,no policy,0,no policy,0,no policy,0,no policy,0,no policy,0,no policy,0,no policy,0
Lesotho,LSO,COMPLETE,WORK_EXCEP,2020-04-21,0,no policy,0,no policy,0,no policy,0,no policy,0,no policy,0,no policy,0,no policy,1,"citizens, residents",0,no policy,1
Lithuania,LTU,COMPLETE,SPECIFIC_COUNTRY,2020-07-13,0,no policy,0,no policy,0,no policy,0,no policy,0,no policy,0,no policy,0,no policy,1,citizens,1,"Hungary, Malta, Finland, Estonia, Cyprus, Latvia, Norway, Greece, Slovakia, Italy, Netherlands, Denmark, Liechtenstein, Germany, Belgium, Poland, Slovenia, Spain, Austria, Switzerland, France, United Kingdom, Iceland, Czech Republic, Croatia",0
Luxembourg,LUX,PARTIAL,BORDER_CLOSURE,2020-08-14,0,no policy,1,Morocco,0,no policy,0,no policy,0,no policy,0,no policy,0,no policy,0,no policy,0,no policy,0
Latvia,LVA,PARTIAL,BORDER_CLOSURE,2020-12-04,1,"Afghanistan, Aland Islands, Albania, Algeria, American Samoa, Andorra, Angola, Anguilla, Antarctica, Antigua and Barbuda, Argentina, Armenia, Aruba, Azerbaijan, Bahamas, Bahrain, Bangladesh, Barbados, Belarus, Belize, Benin, Bermuda, Bhutan, Bolivia, Bonaire, Sint Eustatius and Saba, Bosnia and Herzegovina, Botswana, Bouvet Island, Brazil, British Indian Ocean Territory, Brunei Darussalam, Burkina Faso, Burundi, Cape Verde, Cambodia, Cameroon, Cayman Islands, Central African Republic, Chad, Chile, China, Christmas Island, Cocos (Keeling) Islands, Colombia, Comoros, Congo, Democratic Republic of the Congo, Cook Islands, Costa Rica, Côte d'Ivoire, Cuba, Curaçao, Djibouti, Dominica, Dominican Republic, Ecuador, Egypt, El Salvador, Equatorial Guinea, Eritrea, Eswatini, Ethiopia, Falkland Islands (Malvinas), Faroe Islands, Fiji, French Guiana, French Polynesia, French Southern Territories, Gabon, Gambia, Georgia, Ghana, Gibraltar, Greenland, Grenada, Guadeloupe, Guam, Guatemala, Guernsey, Guinea, Guinea-Bissau, Guyana, Haiti, Heard Island and McDonald Islands, Honduras, Hong Kong, India, Indonesia, Iran, Iraq, Isle of Man, Israel, Jamaica, Jersey, Jordan, Kazakhstan, Kenya, Kiribati, North Korea, Kuwait, Kyrgyzstan, Kosovo, Lao People's Democratic Republic, Lebanon, Lesotho, Liberia, Libya, Macao, North Macedonia, Madagascar, Malawi, Malaysia, Maldives, Mali, Marshall Islands, Martinique, Mauritania, Mauritius, Mayotte, Mexico, Micronesia, Federated States of, Republic of Moldova, Mongolia, Montenegro, Montserrat, Morocco, Mozambique, Myanmar, Namibia, Nauru, Nepal, New Caledonia, Nicaragua, Niger, Nigeria, Niue, Norfolk Island, Northern Mariana Islands, Oman, Pakistan, Palau, Palestine, State of, Panama, Papua New Guinea, Paraguay, Peru, Philippines, Pitcairn, Puerto Rico, Qatar, Réunion, Russian Federation, Saint Barthélemy, Saint Helena, Ascension and Tristan da Cunha, Saint Kitts and Nevis, Saint Lucia, Saint Martin (French part), Saint Pierre and Miquelon, Saint Vincent and the Grenadines, Samoa, Sao Tome and Principe, Saudi Arabia, Senegal, Serbia, Seychelles, Sierra Leone, Singapore, Sint Maarten (Dutch part), Solomon Islands, Somalia, Somaliland, South Africa, South Georgia and the South Sandwich Islands, South Sudan, Sri Lanka, Sudan, Suriname, Svalbard and Jan Mayen, Syrian Arab Republic, Taiwan, Tajikistan, United Republic of Tanzania, Timor-Leste (East Timor), Togo, Tokelau, Tonga, Trinidad and Tobago, Turkey, Turkmenistan, Turks and Caicos Islands, Tuvalu, Uganda, Ukraine, United Arab Emirates, United States Minor Outlying Islands, United States of America, Uzbekistan, Vanuatu, Venezuela, Vietnam, Virgin Islands, British, Virgin Islands, U.S., Wallis and Futuna, Western Sahara, Yemen, Zambia, Zimbabwe, Luxembourg, Croatia, San Marino, Lithuania",0,no policy,0,no policy,0,no policy,0,no policy,0,no policy,0,no policy,0,no policy,0,no policy,0
Macao,MAC,COMPLETE,WORK_EXCEP,2020-03-18,0,no policy,0,no policy,0,no policy,0,no policy,0,no policy,0,no policy,0,no policy,1,"Citizens, Permanent residents",1,"China, Hong Kong, Taiwan",1
Saint Martin (French part),MAF,PARTIAL,CITIZENSHIP_BAN,2020-08-01,0,no policy,0,no policy,0,no policy,1,United States of America,0,no policy,0,no policy,0,no policy,0,no policy,0,no policy,0
Morocco,MAR,COMPLETE,CITIZEN_EXCEP,2020-07-15,0,no policy,0,no policy,0,no policy,0,no policy,0,no policy,0,no policy,0,no policy,1,"Citizens, Residents ",0,no policy,0
"Moldova, Republic of",MDA,PARTIAL,HISTORY_BAN,2020-12-07,0,no policy,0,no policy,0,no policy,0,no policy,1,"Albania, Andorra, Argentina, Armenia, Austria, Azerbaijan, Bahrain, Belarus, Belgium, Bosnia and Herzegovina, Brazil, Bulgaria, Canada, Czech Republic, Chile, Cyprus, Columbia, Costa Rica, Croatia, Denmark, Switzerland, United Arab Emirates, Estonia, Finland, France, Georgia, Germany, Greece, Jordan, Iran, Israel, Italy, Kuwait, Latvia, Lebanon, Libya, Liechtenstein, Lithuania, Luxembourg, North Macedonia, Malta, Montenegro, Morocco, Monaco, United Kingdom and Northern Ireland, Norway, Netherlands, Panama, Poland, Portugal, Romania, Russia, San Marino, Serbia, Slovakia, Slovenia, Spain, United States of America, Sweden, Tunisia, Turkey, Ukraine, Hungary",0,no policy,0,no policy,0,no policy,0,no policy,0
Madagascar,MDG,PARTIAL,BORDER_CLOSURE,2020-07-06,0,no policy,0,no policy,1,cruise ships,0,no policy,0,no policy,0,no policy,0,no policy,0,no policy,0,no policy,0
Maldives,MDV,PARTIAL,VISA_BAN,2020-03-27,0,no policy,0,no policy,0,no policy,0,no policy,0,no policy,0,no policy,1,no policy,0,no policy,0,no policy,0
Mexico,MEX,PARTIAL,BORDER_CLOSURE,2020-03-21,0,no policy,1,United States of America,0,no policy,0,no policy,0,no policy,0,no policy,0,no policy,0,no policy,0,no policy,0
Marshall Islands,MHL,COMPLETE,ESSENTIAL_ONLY,2020-03-08,0,no policy,0,no policy,0,no policy,0,no policy,0,no policy,0,no policy,0,no policy,0,no policy,0,no policy,0
North Macedonia,MKD,COMPLETE,CITIZEN_EXCEP,2020-03-18,0,no policy,0,no policy,0,no policy,0,no policy,0,no policy,0,no policy,0,no policy,1,"citizens, permanent residents ",0,no policy,0
Mali,MLI,PARTIAL,BORDER_CLOSURE,2020-03-25,0,no policy,1,All land borders are closed to passenger vehicle traffic while allowing cargo and freight.,0,no policy,0,no policy,0,no policy,0,no policy,0,no policy,0,no policy,0,no policy,0
Malta,MLT,COMPLETE,SPECIFIC_COUNTRY,2020-07-14,0,no policy,0,no policy,0,no policy,0,no policy,0,no policy,0,no policy,0,no policy,1,"citizens, permanent residents ",1,"Andorra, Australia, Austria, Belgium, Bulgaria, Canada, China (People's Rep.), Croatia, Cyprus, Czechia, Denmark, Estonia, Finland, France, Germany, Greece, Hungary, Iceland, Indonesia, Ireland (Rep.), Italy, Japan, Jordan, Korea (Rep.), Latvia, Lebanon, Liechtenstein, Lithuania, Luxembourg, Monaco, Morocco, Netherlands, New Zealand, Norway, Poland, Portugal, Romania, Rwanda, San Marino, Slovakia, Slovenia, Spain, Switzerland, Thailand, Tunisia, Turkey, United Arab Emirates, United Kingdom, Uruguay or Vatican City",0
Myanmar,MMR,PARTIAL,BORDER_CLOSURE,2020-07-30,1,no policy,0,no policy,0,no policy,0,no policy,0,no policy,0,no policy,0,no policy,0,no policy,0,no policy,0
Montenegro,MNE,COMPLETE,SPECIFIC_COUNTRY,2020-07-22,0,no policy,0,no policy,0,no policy,0,no policy,0,no policy,0,no policy,0,no policy,1,"Citizens, permanent residents",1,"Albania, Algeria, Andorra, Australia, Austria, Bahamas, Barbados, Belarus, Belgium, Bosnia and Herzegovina, Brunei Darussalam, Bulgaria, Cambodia, Canada, China (People's Rep.), Costa Rica, Croatia, Cuba, Cyprus, Czechia, Denmark, Estonia, Fiji, Finland, France, Georgia, Germany, Greece, Hungary, Iceland, Indonesia, Ireland (Rep.), Israel, Italy, Jamaica, Japan, Jordan, Korea (Rep.), Kosovo (Rep.), Latvia, Lebanon, Liechtenstein, Lithuania, Luxembourg, Madagascar, Malaysia, Malta, Mauritius, Mongolia, Morocco, Mozambique, Netherlands, New Zealand, Nicaragua, Norway, Palestinian Territory, Papua New Guinea, Paraguay, Philippines, Poland, Portugal, Romania, Senegal, Seychelles, Singapore, Slovakia, Slovenia, Spain, Sweden, Switzerland, Tajikistan, Thailand, Trinidad and Tobago, Tunisia, Turkey, Ukraine, United Arab Emirates, United Kingdom, Uruguay, Uzbekistan, Venezuela, Viet Nam, Zambia ",0
Mongolia,MNG,COMPLETE,CITIZEN_EXCEP,2020-03-19,0,no policy,0,no policy,0,no policy,0,no policy,0,no policy,0,no policy,0,no policy,1,"nationals of Mongolia, and residents who are direct family members of nationals ",0,no policy,0
Northern Mariana Islands,MNP,PARTIAL,BORDER_CLOSURE,2020-04-06,1,no policy,0,no policy,0,no policy,0,no policy,0,no policy,0,no policy,0,no policy,0,no policy,0,no policy,0
Mozambique,MOZ,PARTIAL,BORDER_CLOSURE,2020-10-01,1,"Afghanistan, Aland Islands, Albania, Algeria, American Samoa, Andorra, Angola, Anguilla, Antarctica, Antigua and Barbuda, Argentina, Armenia, Aruba, Australia, Austria, Azerbaijan, Bahamas, Bahrain, Bangladesh, Barbados, Belarus, Belgium, Belize, Benin, Bermuda, Bhutan, Bolivia, Bonaire, Sint Eustatius and Saba, Bosnia and Herzegovina, Botswana, Bouvet Island, Brazil, British Indian Ocean Territory, Brunei Darussalam, Bulgaria, Burkina Faso, Burundi, Cape Verde, Cambodia, Cameroon, Canada, Cayman Islands, Central African Republic, Chad, Chile, China, Christmas Island, Cocos (Keeling) Islands, Colombia, Comoros, Congo, Democratic Republic of the Congo, Cook Islands, Costa Rica, Côte d'Ivoire, Croatia, Cuba, Curaçao, Cyprus, Czech Republic, Denmark, Djibouti, Dominica, Dominican Republic, Ecuador, Egypt, El Salvador, Equatorial Guinea, Eritrea, Estonia, Eswatini, Falkland Islands (Malvinas), Faroe Islands, Fiji, Finland, France, French Guiana, French Polynesia, French Southern Territories, Gabon, Gambia, Georgia, Germany, Ghana, Gibraltar, Greece, Greenland, Grenada, Guadeloupe, Guam, Guatemala, Guernsey, Guinea, Guinea-Bissau, Guyana, Haiti, Heard Island and McDonald Islands, Holy See (Vatican City State), Honduras, Hong Kong, Hungary, Iceland, India, Indonesia, Iran, Iraq, Ireland, Isle of Man, Israel, Italy, Jamaica, Japan, Jersey, Jordan, Kazakhstan, Kiribati, North Korea, South Korea, Kuwait, Kyrgyzstan, Kosovo, Lao People's Democratic Republic, Latvia, Lebanon, Lesotho, Liberia, Libya, Liechtenstein, Lithuania, Luxembourg, Macao, North Macedonia, Madagascar, Malawi, Malaysia, Maldives, Mali, Malta, Marshall Islands, Martinique, Mauritania, Mauritius, Mayotte, Mexico, Micronesia, Federated States of, Republic of Moldova, Monaco, Mongolia, Montenegro, Montserrat, Morocco, Myanmar, Namibia, Nauru, Nepal, Netherlands, New Caledonia, New Zealand, Nicaragua, Niger, Nigeria, Niue, Norfolk Island, Northern Mariana Islands, Norway, Oman, Pakistan, Palau, Palestine, State of, Panama, Papua New Guinea, Paraguay, Peru, Philippines, Pitcairn, Poland, Puerto Rico, Réunion, Romania, Russian Federation, Rwanda, Saint Barthélemy, Saint Helena, Ascension and Tristan da Cunha, Saint Kitts and Nevis, Saint Lucia, Saint Martin (French part), Saint Pierre and Miquelon, Saint Vincent and the Grenadines, Samoa, San Marino, Sao Tome and Principe, Saudi Arabia, Senegal, Serbia, Seychelles, Sierra Leone, Singapore, Sint Maarten (Dutch part), Slovakia, Slovenia, Solomon Islands, Somalia, Somaliland, South Georgia and the South Sandwich Islands, South Sudan, Spain, Sri Lanka, Sudan, Suriname, Svalbard and Jan Mayen, Sweden, Switzerland, Syrian Arab Republic, Taiwan, Tajikistan, United Republic of Tanzania, Thailand, Timor-Leste (East Timor), Togo, Tokelau, Tonga, Trinidad and Tobago, Tunisia, Turkmenistan, Turks and Caicos Islands, Tuvalu, Uganda, Ukraine, United Arab Emirates, United Kingdom, United States Minor Outlying Islands, United States of America, Uruguay, Uzbekistan, Vanuatu, Venezuela, Vietnam, Virgin Islands, British, Virgin Islands, U.S., Wallis and Futuna, Western Sahara, Yemen, Zambia, Zimbabwe",1,"Tanzania, Malawi, Zambia, Zimbabwe, Eswatini",1,no policy,0,no policy,0,no policy,0,no policy,0,no policy,0,no policy,0,no policy,0
Mauritania,MRT,COMPLETE,ESSENTIAL_ONLY,2020-03-22,0,no policy,0,no policy,0,no policy,0,no policy,0,no policy,0,no policy,0,no policy,0,no policy,0,no policy,0
Montserrat,MSR,COMPLETE,CITIZEN_EXCEP,2020-04-13,0,no policy,0,no policy,0,no policy,0,no policy,0,no policy,0,no policy,0,no policy,1,citizens,0,no policy,0
Martinique,MTQ,COMPLETE,CITIZEN_EXCEP,2020-03-23,0,no policy,0,no policy,0,no policy,0,no policy,0,no policy,0,no policy,0,no policy,1," Reunification of families with children or dependent person, Professional obligations strictly necessary for the continuity of essential services, health requirements",0,no policy,0
Mauritius,MUS,PARTIAL,HISTORY_BAN,2020-03-18,0,no policy,0,no policy,0,no policy,0,no policy,1,Reunion,0,no policy,0,no policy,0,no policy,0,no policy,0
Malawi,MWI,PARTIAL,BORDER_CLOSURE,2020-09-01,0,no policy,1,no policy,0,no policy,0,no policy,0,no policy,0,no policy,0,no policy,0,no policy,0,no policy,0
Malaysia,MYS,PARTIAL,CITIZENSHIP_BAN,2020-09-07,0,no policy,0,no policy,0,no policy,1,"United States, Brazil, India, Russia, Peru, Colombia, South Africa, Mexico, Spain, Argentina, Chile, Iran, the UK, Bangladesh, Saudi Arabia, Pakistan, France, Turkey, Italy, Germany, Iraq, the Philippines, Indonesia",0,no policy,0,no policy,0,no policy,0,no policy,0,no policy,0
Mayotte,MYT,PARTIAL,BORDER_CLOSURE,2020-03-20,1,no policy,0,no policy,0,no policy,0,no policy,0,no policy,0,no policy,0,no policy,0,no policy,0,no policy,0
Namibia,NAM,COMPLETE,CITIZEN_EXCEP,2020-08-29,0,no policy,0,no policy,0,no policy,0,no policy,0,no policy,0,no policy,0,no policy,1,"Citizens, Namibian Nationals",0,no policy,0
New Caledonia,NCL,COMPLETE,SPECIFIC_COUNTRY,2020-03-20,0,no policy,0,no policy,0,no policy,0,no policy,0,no policy,0,no policy,0,no policy,1,"citizens, permanent residents, family members of citizens and permanent residents",1,Wallis and Futuna,0
Niger,NER,PARTIAL,BORDER_CLOSURE,2020-03-20,1,no policy,0,no policy,0,no policy,0,no policy,0,no policy,0,no policy,0,no policy,0,no policy,0,no policy,0
Norfolk Island,NFK,COMPLETE,SPECIFIC_COUNTRY,2020-07-10,0,no policy,0,no policy,0,no policy,0,no policy,0,no policy,0,no policy,0,no policy,1,residents,1,Australia,0
Nigeria,NGA,COMPLETE,CITIZEN_EXCEP,2020-04-22,0,no policy,0,no policy,0,no policy,0,no policy,0,no policy,0,no policy,0,no policy,1,Citizens,0,no policy,0
Nicaragua,NIC,NOPOLICYIMPLEMENTED,NONE,2001-01-01,0,no policy,0,no policy,0,no policy,0,no policy,0,no policy,0,no policy,0,no policy,0,no policy,0,no policy,0
Niue,NIU,PARTIAL,BORDER_CLOSURE,2020-03-20,1,"Passengers who have been in Australia, Austria, Belgium, Bulgaria, China (People's Rep.), Chinese Taipei, Croatia, Cyprus, Czechia, Denmark, Estonia, Finland, France, Germany, Greece, Hong Kong (SAR China), Hungary, Iceland, Ireland (Rep.), Indonesia, Iran, Italy, Japan, Korea (Rep.), Latvia, Liechtenstein, Lithuania, Luxembourg, Malta, Macao (SAR China), Netherlands, Norway, Poland, Portugal, Romania, Singapore, Slovakia, Slovenia, Spain, Sweden, Switzerland, Thailand, USA or United Kingdom in the past 14 days",1,"Passengers who have been in Australia, Austria, Belgium, Bulgaria, China (People's Rep.), Chinese Taipei, Croatia, Cyprus, Czechia, Denmark, Estonia, Finland, France, Germany, Greece, Hong Kong (SAR China), Hungary, Iceland, Ireland (Rep.), Indonesia, Iran, Italy, Japan, Korea (Rep.), Latvia, Liechtenstein, Lithuania, Luxembourg, Malta, Macao (SAR China), Netherlands, Norway, Poland, Portugal, Romania, Singapore, Slovakia, Slovenia, Spain, Sweden, Switzerland, Thailand, USA or United Kingdom in the past 14 days",1,"Passengers who have been in Australia, Austria, Belgium, Bulgaria, China (People's Rep.), Chinese Taipei, Croatia, Cyprus, Czechia, Denmark, Estonia, Finland, France, Germany, Greece, Hong Kong (SAR China), Hungary, Iceland, Ireland (Rep.), Indonesia, Iran, Italy, Japan, Korea (Rep.), Latvia, Liechtenstein, Lithuania, Luxembourg, Malta, Macao (SAR China), Netherlands, Norway, Poland, Portugal, Romania, Singapore, Slovakia, Slovenia, Spain, Sweden, Switzerland, Thailand, USA or United Kingdom in the past 14 days",0,no policy,0,no policy,0,no policy,0,no policy,0,no policy,0,no policy,0
Netherlands,NLD,COMPLETE,SPECIFIC_COUNTRY,2020-07-01,0,no policy,0,no policy,0,no policy,0,no policy,0,no policy,0,no policy,0,no policy,1,citizens,1,"Switzerland, Liechtenstein, Norway, Iceland, Austria, Belgium, Bulgaria, Croatia, Cyprus, Czechia, Denmark, Finland, France, Germany, Greece, Hungary, Italy, Latvia, Lithuania, Luxembourg, Malta, Netherlands, Poland, Portugal, Romania, Slovakia, Slovenia, Spain, Sweden, Algeria, Australia, Canada, Georgia, Japan, Montenegro, Morocco, New Zealand, Rwanda, Serbia, South Korea, Thailand, Tunisia, Uruguay",0
Norway,NOR,COMPLETE,SPECIFIC_COUNTRY,2020-07-15,0,no policy,0,no policy,0,no policy,0,no policy,0,no policy,0,no policy,0,no policy,1,"citizens, family and romantic partners of citizens",1,"Austria, Belgium, Luxembourg, Netherlands, Germany, France, Spain, Portugal, Sweden, Finland, Denmark, Lithuania, Latvia, Estonia, Poland, Slovakia, Hungary, Slovenia, Italy, Greece, Czech Republic, Malta, Romania, Bulgaria, Croatia",0
Nepal,NPL,COMPLETE,CITIZEN_EXCEP,2020-04-01,0,no policy,0,no policy,0,no policy,0,no policy,0,no policy,0,no policy,0,no policy,1,selected entry,0,no policy,0
Nauru,NRU,COMPLETE,SPECIFIC_COUNTRY,2020-08-04,0,no policy,0,no policy,0,no policy,0,no policy,0,no policy,0,no policy,0,no policy,1,"citizens, essential workers",1,Australia,0
New Zealand,NZL,COMPLETE,WORK_EXCEP,2020-12-04,0,no policy,0,no policy,0,no policy,0,no policy,0,no policy,0,no policy,0,no policy,1,"residents, essential staff, medical necessities, national interest",1,"Australia, Pacific Islands",1
Oman,OMN,PARTIAL,BORDER_CLOSURE,2020-11-12,0,no policy,1,Citizens and residents now allowed to travel across Omani borders,0,no policy,0,no policy,0,no policy,0,no policy,0,no policy,0,no policy,0,no policy,0
Pakistan,PAK,PARTIAL,HISTORY_BAN,2020-12-22,0,no policy,0,no policy,0,no policy,0,no policy,1,United Kingdom,0,no policy,0,no policy,0,no policy,0,no policy,0
Panama,PAN,COMPLETE,CITIZEN_EXCEP,2020-03-16,0,no policy,0,no policy,0,no policy,0,no policy,0,no policy,0,no policy,0,no policy,1,"nationals, residents",0,no policy,0
Pitcairn,PCN,COMPLETE,CITIZEN_EXCEP,2020-03-12,0,no policy,0,no policy,0,no policy,0,no policy,0,no policy,0,no policy,0,no policy,1,citizens,0,no policy,0
Peru,PER,PARTIAL,BORDER_CLOSURE,2020-11-01,1,"All countries banned, except Ecuador, Bolivia, Colombia, Chile, Panama, Uruguay, Paraguay, United States, Mexico, Brazil, Argentina, Costa Rica, Cuba, Dominican Republic, El Salvador, Jamaica, Canada",0,no policy,0,no policy,0,no policy,0,no policy,0,no policy,0,no policy,0,no policy,0,no policy,0
Philippines,PHL,PARTIAL,BORDER_CLOSURE,2020-07-23,1,no policy,0,no policy,0,no policy,0,no policy,0,no policy,0,no policy,0,no policy,0,no policy,0,no policy,0
Palau,PLW,PARTIAL,BORDER_CLOSURE,2020-03-22,1,no policy,0,no policy,0,no policy,0,no policy,0,no policy,0,no policy,0,no policy,0,no policy,0,no policy,0
Papua New Guinea,PNG,PARTIAL,BORDER_CLOSURE,2020-10-03,1,"Australia, Singapore, Hong Kong, Japan, Solomon Islands",1,no policy,1,"Motukea Port, Port Moresby, Port of Rabaul, Port of Morobe, Port of Madang. These ports are open, document does not specify which countries are able to enter.",0,no policy,0,no policy,0,no policy,0,no policy,0,no policy,0,no policy,0
Poland,POL,PARTIAL,BORDER_CLOSURE,2020-10-28,1,"Belize, Bosnia and Herzegovina, Montenegro, Nepal, Georgia, Jordan, Bahrain, Morocco, Israel, Qatar, Kuwait, Libya, United Arab Emirates, Albania, Argentina, Chile, Honduras, Iraq, Colombia, Costa Rica, Lebanon, North Macedonia, Maldives, Panama, Paraguay, Peru, Tunisia, Cape Verde, United States of America, Oman, Bahamas",0,no policy,0,no policy,0,no policy,0,no policy,0,no policy,0,no policy,0,no policy,0,no policy,0
Puerto Rico,PRI,NOPOLICYIMPLEMENTED,NONE,2001-01-01,0,no policy,0,no policy,0,no policy,0,no policy,0,no policy,0,no policy,0,no policy,0,no policy,0,no policy,0
"Korea, Democratic People's Republic of",PRK,COMPLETE,ESSENTIAL_ONLY,2020-08-02,0,no policy,0,no policy,0,no policy,0,no policy,0,no policy,0,no policy,0,no policy,0,no policy,0,no policy,0
Portugal,PRT,PARTIAL,BORDER_CLOSURE,2020-11-01,1,"Afghanistan, Aland Islands, Albania, Algeria, American Samoa, Andorra, Anguilla, Antarctica, Antigua and Barbuda, Argentina, Armenia, Aruba, Azerbaijan, Bahamas, Bahrain, Bangladesh, Barbados, Belarus, Belize, Benin, Bermuda, Bhutan, Bolivia, Bonaire, Sint Eustatius and Saba, Bosnia and Herzegovina, Botswana, Bouvet Island, British Indian Ocean Territory, Brunei Darussalam, Burkina Faso, Burundi, Cambodia, Cameroon, Canada, Cayman Islands, Central African Republic, Chad, Chile, Christmas Island, Cocos (Keeling) Islands, Colombia, Comoros, Congo, Democratic Republic of the Congo, Cook Islands, Costa Rica, Côte d'Ivoire, Cuba, Curaçao, Djibouti, Dominica, Dominican Republic, Ecuador, Egypt, El Salvador, Equatorial Guinea, Eritrea, Eswatini, Ethiopia, Falkland Islands (Malvinas), Faroe Islands, Fiji, French Guiana, French Polynesia, French Southern Territories, Gabon, Gambia, Georgia, Ghana, Gibraltar, Greenland, Grenada, Guadeloupe, Guam, Guatemala, Guernsey, Guinea, Guyana, Haiti, Heard Island and McDonald Islands, Holy See (Vatican City State), Honduras, India, Indonesia, Iran, Iraq, Isle of Man, Israel, Jamaica, Jersey, Jordan, Kazakhstan, Kenya, Kiribati, North Korea, Kuwait, Kyrgyzstan, Kosovo, Lao People's Democratic Republic, Lebanon, Lesotho, Liberia, Libya, North Macedonia, Madagascar, Malawi, Malaysia, Maldives, Mali, Marshall Islands, Martinique, Mauritania, Mauritius, Mayotte, Mexico, Micronesia, Federated States of, Republic of Moldova, Monaco, Mongolia, Montenegro, Montserrat, Morocco, Myanmar, Namibia, Nauru, Nepal, New Caledonia, Nicaragua, Niger, Nigeria, Niue, Norfolk Island, Northern Mariana Islands, Oman, Pakistan, Palau, Palestine, State of, Panama, Papua New Guinea, Paraguay, Peru, Philippines, Pitcairn, Puerto Rico, Qatar, Réunion, Russian Federation, Saint Barthélemy, Saint Helena, Ascension and Tristan da Cunha, Saint Kitts and Nevis, Saint Lucia, Saint Martin (French part), Saint Pierre and Miquelon, Saint Vincent and the Grenadines, Samoa, San Marino, Saudi Arabia, Senegal, Serbia, Seychelles, Sierra Leone, Sint Maarten (Dutch part), Solomon Islands, Somalia, Somaliland, South Georgia and the South Sandwich Islands, South Sudan,  Sri Lanka, Sudan, Suriname, Svalbard and Jan Mayen, Syrian Arab Republic, Taiwan, Tajikistan, United Republic of Tanzania, Timor-Leste (East Timor), Togo, Tokelau, Tonga, Trinidad and Tobago, Turkey, Turkmenistan, Turks and Caicos Islands, Tuvalu, Uganda, Ukraine, United Arab Emirates, United States Minor Outlying Islands, United States of America, Uzbekistan, Vanuatu, Venezuela, Vietnam, Virgin Islands, British, Virgin Islands, U.S., Wallis and Futuna, Western Sahara, Yemen, Zambia, Zimbabwe",0,no policy,0,no policy,0,no policy,0,no policy,0,no policy,0,no policy,0,no policy,0,no policy,0
Paraguay,PRY,PARTIAL,BORDER_CLOSURE,2020-08-05,1,no policy,0,no policy,0,no policy,0,no policy,0,no policy,0,no policy,0,no policy,0,no policy,0,no policy,0
"Palestine, State of",PSE,PARTIAL,BORDER_CLOSURE,2020-09-25,1,no policy,0,no policy,0,no policy,0,no policy,0,no policy,0,no policy,0,no policy,0,no policy,0,no policy,0
French Polynesia,PYF,COMPLETE,WORK_EXCEP,2020-07-22,0,no policy,0,no policy,0,no policy,0,no policy,0,no policy,0,no policy,0,no policy,1,"citizens, permanent residents, family members of citizens and permanent residents",1,"Andorra, Monaco, San Marino, Switzerland, United Kingdom, Holy See, Austria, Belgium, Bulgaria, Croatia, Republic of Cyprus, Czech Republic, Denmark, Estonia, Finland, France, Germany, Greece, Hungary, Ireland, Italy, Latvia, Lithuania, Luxembourg, Malta, Netherlands, Poland, Portugal, Romania, Slovakia, Slovenia, Spain, Sweden, ",1
Qatar,QAT,PARTIAL,BORDER_CLOSURE,2020-04-01,1,Cancellation of Doha's Hamad International Airport (DOH) extended,0,no policy,0,no policy,0,no policy,0,no policy,0,no policy,0,no policy,0,no policy,0,no policy,0
Réunion,REU,PARTIAL,BORDER_CLOSURE,2020-03-20,1,no policy,0,no policy,0,no policy,0,no policy,0,no policy,0,no policy,0,no policy,0,no policy,0,no policy,0
Romania,ROU,PARTIAL,BORDER_CLOSURE,2020-05-15,1,"Austria, Belgium, France, Germany, Iran, Italy, the Netherlands, Spain, Switzerland, Turkey, the UK and the USA",0,no policy,0,no policy,0,no policy,0,no policy,0,no policy,0,no policy,0,no policy,0,no policy,0
Russian Federation,RUS,PARTIAL,VISA_BAN,2020-08-21,0,no policy,0,no policy,0,no policy,0,no policy,0,no policy,0,no policy,1,Participants in the Formula 1 Russian Grand Prix will be granted free visas without any restrictions,0,no policy,0,no policy,0
Rwanda,RWA,COMPLETE,CITIZEN_EXCEP,2020-03-21,0,no policy,0,no policy,0,no policy,0,no policy,0,no policy,0,no policy,0,no policy,1,"citizens, legal residents",0,no policy,0
Saudi Arabia,SAU,PARTIAL,HISTORY_BAN,2020-06-24,0,no policy,0,no policy,0,no policy,0,no policy,1,Expatriate residents currently abroad are not permitted to return to the country until the end of the COVID-19 crisis,0,no policy,0,no policy,0,no policy,0,no policy,0
Sudan,SDN,PARTIAL,BORDER_CLOSURE,2020-12-01,1,"Ethiopia, Turkey, Egypt and the United Arab Emirates flights permitted",1,no policy,1,no policy,0,no policy,0,no policy,0,no policy,0,no policy,0,no policy,0,no policy,0
Senegal,SEN,PARTIAL,BORDER_CLOSURE,2020-05-28,1,no policy,0,no policy,0,no policy,0,no policy,0,no policy,0,no policy,0,no policy,0,no policy,0,no policy,0
Singapore,SGP,COMPLETE,WORK_EXCEP,2020-09-20,0,no policy,0,no policy,0,no policy,0,no policy,0,no policy,0,no policy,0,no policy,1,"citizens, permanent residents, family members of citizens and permanent residents",1,"Australia, Brunei Darussalem, China, New Zealand, Viet Nam",1
"Saint Helena, Ascension and Tristan da Cunha",SHN,COMPLETE,WORK_EXCEP,2020-03-26,0,no policy,0,no policy,0,no policy,0,no policy,0,no policy,0,no policy,0,no policy,1,"St Helena Status citizens, St Helena residents, holders of long term entry permits",0,no policy,1
Svalbard and Jan Mayen,SJM,COMPLETE,SPECIFIC_COUNTRY,2020-07-15,0,no policy,0,no policy,0,no policy,0,no policy,0,no policy,0,no policy,0,no policy,0,no policy,1,"Denmark, Sweden, Finland, Iceland, Austria, Belgium, Bulgaria, Croatia, Cyprus, Czech Republic, Estonia, Finland, France, Germany, Greece, Hungary, Iceland, Ireland, Italy, Latvia, Liechtenstein, Lithuania, Luxembourg, Malta, Netherlands, Poland, Portugal, Romania, Slovakia, Slovenia, Spain, Switzerland, United Kingdom ",0
Solomon Islands,SLB,PARTIAL,BORDER_CLOSURE,2020-06-15,1,no policy,0,no policy,0,no policy,0,no policy,0,no policy,0,no policy,0,no policy,0,no policy,0,no policy,0
Sierra Leone,SLE,COMPLETE,ESSENTIAL_ONLY,2020-05-03,0,no policy,0,no policy,0,no policy,0,no policy,0,no policy,0,no policy,0,no policy,0,no policy,0,no policy,0
El Salvador,SLV,PARTIAL,BORDER_CLOSURE,2020-03-17,1,no policy,0,no policy,0,no policy,0,no policy,0,no policy,0,no policy,0,no policy,0,no policy,0,no policy,0
San Marino,SMR,NOPOLICYIMPLEMENTED,NONE,2001-01-01,0,no policy,0,no policy,0,no policy,0,no policy,0,no policy,0,no policy,0,no policy,0,no policy,0,no policy,0
Somaliland,SOL,COMPLETE,ESSENTIAL_ONLY,2020-03-26,0,no policy,0,no policy,0,no policy,0,no policy,0,no policy,0,no policy,0,no policy,0,no policy,0,no policy,0
Somalia,SOM,PARTIAL,BORDER_CLOSURE,2020-05-14,0,no policy,1,"Kenya, Ethiopia",0,no policy,0,no policy,0,no policy,0,no policy,0,no policy,0,no policy,0,no policy,0
Saint Pierre and Miquelon,SPM,PARTIAL,BORDER_CLOSURE,2020-03-23,1,no policy,0,no policy,0,no policy,0,no policy,0,no policy,0,no policy,0,no policy,0,no policy,0,no policy,0
Serbia,SRB,COMPLETE,CITIZEN_EXCEP,2020-03-15,0,no policy,0,no policy,0,no policy,0,no policy,0,no policy,0,no policy,0,no policy,1,citizens,0,no policy,0
South Sudan,SSD,COMPLETE,ESSENTIAL_ONLY,2020-03-23,0,no policy,0,no policy,0,no policy,0,no policy,0,no policy,0,no policy,0,no policy,0,no policy,0,no policy,0
Sao Tome and Principe,STP,PARTIAL,BORDER_CLOSURE,2020-07-01,1,"Afghanistan, Aland Islands, Albania, Algeria, American Samoa, Andorra, Anguilla, Antarctica, Antigua and Barbuda, Argentina, Armenia, Aruba, Australia, Austria, Azerbaijan, Bahamas, Bahrain, Bangladesh, Barbados, Belarus, Belgium, Belize, Benin, Bermuda, Bhutan, Bolivia, Bonaire, Sint Eustatius and Saba, Bosnia and Herzegovina, Botswana, Bouvet Island, British Indian Ocean Territory, Brunei Darussalam, Bulgaria, Burkina Faso, Burundi, Cambodia, Cameroon, Canada, Cayman Islands, Central African Republic, Chad, Chile, China, Christmas Island, Cocos (Keeling) Islands, Colombia, Comoros, Congo, Democratic Republic of the Congo, Cook Islands, Costa Rica, Côte d'Ivoire, Croatia, Cuba, Curaçao, Cyprus, Czech Republic, Denmark, Djibouti, Dominica, Dominican Republic, Ecuador, Egypt, El Salvador, Equatorial Guinea, Eritrea, Estonia, Eswatini, Ethiopia, Falkland Islands (Malvinas), Faroe Islands, Fiji, Finland, France, French Guiana, French Polynesia, French Southern Territories, Gabon, Gambia, Georgia, Germany, Ghana, Gibraltar, Greece, Greenland, Grenada, Guadeloupe, Guam, Guatemala, Guernsey, Guinea, Guyana, Haiti, Heard Island and McDonald Islands, Holy See (Vatican City State), Honduras, Hong Kong, Hungary, Iceland, India, Indonesia, Iran, Iraq, Ireland, Isle of Man, Israel, Italy, Jamaica, Japan, Jersey, Jordan, Kazakhstan, Kenya, Kiribati, North Korea, South Korea, Kuwait, Kyrgyzstan, Kosovo, Lao People's Democratic Republic, Latvia, Lebanon, Lesotho, Liberia, Libya, Liechtenstein, Lithuania, Luxembourg, Macao, North Macedonia, Madagascar, Malawi, Malaysia, Maldives, Mali, Malta, Marshall Islands, Martinique, Mauritania, Mauritius, Mayotte, Mexico, Micronesia, Federated States of, Republic of Moldova, Monaco, Mongolia, Montenegro, Montserrat, Morocco, Myanmar, Namibia, Nauru, Nepal, Netherlands, New Caledonia, New Zealand, Nicaragua, Niger, Nigeria, Niue, Norfolk Island, Northern Mariana Islands, Norway, Oman, Pakistan, Palau, Palestine, State of, Panama, Papua New Guinea, Paraguay, Peru, Philippines, Pitcairn, Poland, Puerto Rico, Qatar, Réunion, Romania, Russian Federation, Rwanda, Saint Barthélemy, Saint Helena, Ascension and Tristan da Cunha, Saint Kitts and Nevis, Saint Lucia, Saint Martin (French part), Saint Pierre and Miquelon, Saint Vincent and the Grenadines, Samoa, San Marino, Saudi Arabia, Senegal, Serbia, Seychelles, Sierra Leone, Singapore, Sint Maarten (Dutch part), Slovakia, Slovenia, Solomon Islands, Somalia, Somaliland, South Africa, South Georgia and the South Sandwich Islands, South Sudan, Spain, Sri Lanka, Sudan, Suriname, Svalbard and Jan Mayen, Sweden, Switzerland, Syrian Arab Republic, Taiwan, Tajikistan, United Republic of Tanzania, Thailand, Togo, Tokelau, Tonga, Trinidad and Tobago, Tunisia, Turkey, Turkmenistan, Turks and Caicos Islands, Tuvalu, Uganda, Ukraine, United Arab Emirates, United Kingdom, United States Minor Outlying Islands, United States of America, Uruguay, Uzbekistan, Vanuatu, Venezuela, Vietnam, Virgin Islands, British, Virgin Islands, U.S., Wallis and Futuna, Western Sahara, Yemen, Zambia, Zimbabwe",0,no policy,0,no policy,0,no policy,0,no policy,0,no policy,0,no policy,0,no policy,0,no policy,0
Suriname,SUR,COMPLETE,CITIZEN_EXCEP,2020-04-09,0,no policy,0,no policy,0,no policy,0,no policy,0,no policy,0,no policy,0,no policy,1,citizens,0,no policy,0
Slovakia,SVK,PARTIAL,CITIZENSHIP_BAN,2020-12-07,0,no policy,0,no policy,0,no policy,1,"Afghanistan, Aland Islands, Albania, Algeria, American Samoa, Andorra, Angola, Anguilla, Antarctica, Antigua and Barbuda, Argentina, Armenia, Aruba, Azerbaijan, Bahamas, Bahrain, Bangladesh, Barbados, Belarus, Belize, Benin, Bermuda, Bhutan, Bolivia, Bonaire, Sint Eustatius and Saba, Bosnia and Herzegovina, Botswana, Bouvet Island, Brazil, British Indian Ocean Territory, Brunei Darussalam, Burkina Faso, Burundi, Cape Verde, Cambodia, Cameroon, Cayman Islands, Central African Republic, Chad, Chile, Christmas Island, Cocos (Keeling) Islands, Colombia, Comoros, Congo, Democratic Republic of the Congo, Cook Islands, Costa Rica, Côte d'Ivoire, Cuba, Curaçao, Djibouti, Dominica, Dominican Republic, Ecuador, Egypt, El Salvador, Equatorial Guinea, Eritrea, Eswatini, Ethiopia, Falkland Islands (Malvinas), Fiji, French Guiana, French Polynesia, French Southern Territories, Gabon, Gambia, Georgia, Ghana, Gibraltar, Greenland, Grenada, Guadeloupe, Guam, Guatemala, Guernsey, Guinea, Guinea-Bissau, Guyana, Haiti, Heard Island and McDonald Islands, Honduras, Hong Kong, India, Indonesia, Iran, Iraq, Isle of Man, Israel, Jamaica, Jersey, Jordan, Kazakhstan, Kenya, Kiribati, North Korea, Kuwait, Kyrgyzstan, Kosovo, Lao People's Democratic Republic, Lebanon, Lesotho, Liberia, Libya, Macao, North Macedonia, Madagascar, Malawi, Malaysia, Maldives, Mali, Marshall Islands, Martinique, Mauritania, Mauritius, Mayotte, Mexico, Micronesia, Federated States of, Republic of Moldova, Mongolia, Montenegro, Montserrat, Morocco, Mozambique, Myanmar, Namibia, Nauru, Nepal, New Caledonia, Nicaragua, Niger, Nigeria, Niue, Norfolk Island, Northern Mariana Islands, Oman, Pakistan, Palau, Palestine, State of, Panama, Papua New Guinea, Paraguay, Peru, Philippines, Pitcairn, Puerto Rico, Qatar, Réunion, Russian Federation, Rwanda, Saint Barthélemy, Saint Helena, Ascension and Tristan da Cunha, Saint Kitts and Nevis, Saint Lucia, Saint Martin (French part), Saint Pierre and Miquelon, Saint Vincent and the Grenadines, Samoa, Sao Tome and Principe, Saudi Arabia, Senegal, Serbia, Seychelles, Sierra Leone, Sint Maarten (Dutch part), Solomon Islands, Somalia, Somaliland, South Africa, South Georgia and the South Sandwich Islands, South Sudan, Sri Lanka, Sudan, Suriname, Svalbard and Jan Mayen, Syrian Arab Republic, Tajikistan, United Republic of Tanzania, Thailand, Timor-Leste (East Timor), Togo, Tokelau, Tonga, Trinidad and Tobago, Tunisia, Turkey, Turkmenistan, Turks and Caicos Islands, Tuvalu, Uganda, Ukraine, United Arab Emirates, United States Minor Outlying Islands, United States of America, Uruguay, Uzbekistan, Vanuatu, Venezuela, Vietnam, Virgin Islands, British, Virgin Islands, U.S., Wallis and Futuna, Western Sahara, Yemen, Zambia, Zimbabwe, Croatia, Bulgaria, Canada, Cyprus, Ireland, United Kingdom, San Marino, Holy See (Vatican City State)",0,no policy,0,no policy,0,no policy,0,no policy,0,no policy,0
Slovenia,SVN,PARTIAL,BORDER_CLOSURE,2020-06-19,1,"Afghanistan, Aland Islands, Albania, Algeria, American Samoa, Andorra, Angola, Anguilla, Antarctica, Antigua and Barbuda, Argentina, Armenia, Aruba, Australia, Azerbaijan, Bahamas, Bahrain, Bangladesh, Barbados, Belarus, Belgium, Belize, Benin, Bermuda, Bhutan, Bolivia, Bonaire, Sint Eustatius and Saba, Bosnia and Herzegovina, Botswana, Bouvet Island, Brazil, British Indian Ocean Territory, Brunei Darussalam, Bulgaria, Burkina Faso, Burundi, Cape Verde, Cambodia, Cameroon, Canada, Cayman Islands, Central African Republic, Chad, Chile, China, Christmas Island, Cocos (Keeling) Islands, Colombia, Comoros, Congo, Democratic Republic of the Congo, Cook Islands, Costa Rica, Côte d'Ivoire, Cuba, Curaçao, Djibouti, Dominica, Dominican Republic, Ecuador, Egypt, El Salvador, Equatorial Guinea, Eritrea, Eswatini, Ethiopia, Falkland Islands (Malvinas), Faroe Islands, Fiji, French Guiana, French Polynesia, French Southern Territories, Gabon, Gambia, Georgia, Ghana, Gibraltar, Greenland, Grenada, Guadeloupe, Guam, Guatemala, Guernsey, Guinea, Guinea-Bissau, Guyana, Haiti, Heard Island and McDonald Islands, Holy See (Vatican City State), Honduras, Hong Kong, India, Indonesia, Iran, Iraq, Isle of Man, Israel, Jamaica, Japan, Jersey, Jordan, Kazakhstan, Kenya, Kiribati, North Korea, South Korea, Kuwait, Kyrgyzstan, Kosovo, Lao People's Democratic Republic, Lebanon, Lesotho, Liberia, Libya, Macao, North Macedonia, Madagascar, Malawi, Malaysia, Maldives, Mali, Marshall Islands, Martinique, Mauritania, Mauritius, Mayotte, Mexico, Micronesia, Federated States of, Republic of Moldova, Monaco, Mongolia, Montserrat, Morocco, Mozambique, Myanmar, Namibia, Nauru, Nepal, Netherlands, New Caledonia, New Zealand, Nicaragua, Niger, Nigeria, Niue, Norfolk Island, Northern Mariana Islands, Oman, Pakistan, Palau, Palestine, State of, Panama, Papua New Guinea, Paraguay, Peru, Philippines, Pitcairn, Poland, Portugal, Puerto Rico, Qatar, Réunion, Romania, Russian Federation, Rwanda, Saint Barthélemy, Saint Helena, Ascension and Tristan da Cunha, Saint Kitts and Nevis, Saint Lucia, Saint Martin (French part), Saint Pierre and Miquelon, Saint Vincent and the Grenadines, Samoa, San Marino, Sao Tome and Principe, Saudi Arabia, Senegal, Serbia, Seychelles, Sierra Leone, Singapore, Sint Maarten (Dutch part), Solomon Islands, Somalia, Somaliland, South Africa, South Georgia and the South Sandwich Islands, South Sudan, Spain, Sri Lanka, Sudan, Suriname, Svalbard and Jan Mayen, Sweden, Syrian Arab Republic, Taiwan, Tajikistan, United Republic of Tanzania, Thailand, Timor-Leste (East Timor), Togo, Tokelau, Tonga, Trinidad and Tobago, Tunisia, Turkey, Turkmenistan, Turks and Caicos Islands, Tuvalu, Uganda, Ukraine, United Arab Emirates, United Kingdom, United States Minor Outlying Islands, United States of America, Uruguay, Uzbekistan, Vanuatu, Venezuela, Vietnam, Virgin Islands, British, Virgin Islands, U.S., Wallis and Futuna, Western Sahara, Yemen, Zambia, Zimbabwe",0,no policy,0,no policy,0,no policy,0,no policy,0,no policy,0,no policy,0,no policy,0,no policy,0
Sweden,SWE,PARTIAL,CITIZENSHIP_BAN,2020-12-22,0,no policy,0,no policy,0,no policy,1,"Afghanistan, Aland Islands, Albania, Algeria, American Samoa, Angola, Anguilla, Antarctica, Antigua and Barbuda, Argentina, Armenia, Aruba, Azerbaijan, Bahamas, Bahrain, Bangladesh, Barbados, Belarus, Belize, Benin, Bermuda, Bhutan, Bolivia, Bonaire, Sint Eustatius and Saba, Bosnia and Herzegovina, Botswana, Bouvet Island, Brazil, British Indian Ocean Territory, Brunei Darussalam, Burkina Faso, Burundi, Cape Verde, Cambodia, Cameroon, Canada, Cayman Islands, Central African Republic, Chad, Chile, China, Christmas Island, Cocos (Keeling) Islands, Colombia, Comoros, Congo, Democratic Republic of the Congo, Cook Islands, Costa Rica, Côte d'Ivoire, Cuba, Curaçao, Denmark, Djibouti, Dominica, Dominican Republic, Ecuador, Egypt, El Salvador, Equatorial Guinea, Eritrea, Eswatini, Ethiopia, Falkland Islands (Malvinas), Faroe Islands, Fiji, French Guiana, French Polynesia, French Southern Territories, Gabon, Gambia, Georgia, Ghana, Gibraltar, Greenland, Grenada, Guadeloupe, Guam, Guatemala, Guernsey, Guinea, Guinea-Bissau, Guyana, Haiti, Heard Island and McDonald Islands, Honduras, Hong Kong, India, Indonesia, Iran, Iraq, Isle of Man, Israel, Jamaica, Jersey, Jordan, Kazakhstan, Kenya, Kiribati, North Korea, Kuwait, Kyrgyzstan, Kosovo, Lao People's Democratic Republic, Lebanon, Lesotho, Liberia, Libya, Macao, North Macedonia, Madagascar, Malawi, Malaysia, Maldives, Mali, Marshall Islands, Martinique, Mauritania, Mauritius, Mayotte, Mexico, Micronesia, Federated States of, Republic of Moldova, Mongolia, Montenegro, Montserrat, Morocco, Mozambique, Myanmar, Namibia, Nauru, Nepal, New Caledonia, Nicaragua, Niger, Nigeria, Niue, Norfolk Island, Northern Mariana Islands, Oman, Pakistan, Palau, Palestine, State of, Panama, Papua New Guinea, Paraguay, Peru, Philippines, Pitcairn, Puerto Rico, Qatar, Réunion, Russian Federation, Saint Barthélemy, Saint Helena, Ascension and Tristan da Cunha, Saint Kitts and Nevis, Saint Lucia, Saint Martin (French part), Saint Pierre and Miquelon, Saint Vincent and the Grenadines, Samoa, Sao Tome and Principe, Saudi Arabia, Senegal, Serbia, Seychelles, Sierra Leone, Singapore, Sint Maarten (Dutch part), Solomon Islands, Somalia, Somaliland, South Africa, South Georgia and the South Sandwich Islands, South Sudan, Sri Lanka, Sudan, Suriname, Svalbard and Jan Mayen, Syrian Arab Republic, Taiwan, Tajikistan, United Republic of Tanzania, Timor-Leste (East Timor), Togo, Tokelau, Tonga, Trinidad and Tobago, Tunisia, Turkey, Turkmenistan, Turks and Caicos Islands, Tuvalu, Uganda, Ukraine, United Arab Emirates, United Kingdom, United States Minor Outlying Islands, United States of America, Uzbekistan, Vanuatu, Venezuela, Vietnam, Virgin Islands, British, Virgin Islands, U.S., Wallis and Futuna, Western Sahara, Yemen, Zambia, Zimbabwe",0,no policy,0,no policy,0,no policy,0,no policy,0,no policy,0
Eswatini,SWZ,COMPLETE,CITIZEN_EXCEP,2020-03-27,0,no policy,0,no policy,0,no policy,0,no policy,0,no policy,0,no policy,0,no policy,1,"citizens, legal residents",0,no policy,0
Sint Maarten (Dutch part),SXM,COMPLETE,SPECIFIC_COUNTRY,2020-11-10,0,no policy,0,no policy,0,no policy,0,no policy,0,no policy,0,no policy,0,no policy,1,"citizens, permanent residents, family members of citizens and permanent residents",1,"Anguilla, Antigua and Barbuda, Aruba, Bahamas, Barbados, Belgium, Bonaire, St. Eustatius and Saba, Canada, Cayman Isl., China (People's Rep.), Croatia, Cuba, Curacao, Cyrpus Dominica, Domincan Republic, Estonia, Finland, France, French West Indies, Germany, Grenada, Hungary, Italy, Jamaica, Latvia, Liechtenstein, Lithuania, Montserrat, Netherlands, Norway, Panama, Poland, Portugal, Romania, Slovakia, Slovenia, Spain, St. Bartelemy, St. Kitts and Nevis, St. Lucia, St. Vincent and the Grenadines, Sweden, Switzerland, Trinidad and Tobago, Turks and Caicos Isl., United States, Virgin Isl. (British)",0
Seychelles,SYC,COMPLETE,SPECIFIC_COUNTRY,2020-08-05,0,no policy,0,no policy,0,no policy,0,no policy,0,no policy,0,no policy,0,no policy,1,"citizens, permanent residents",1,"Austria , Germany, Monaco, United Arab Emirates, Belgium, Hungary, New Zealand, Canada, Iceland, Norway, China, Ireland, Slovakia, Cuba, Italy, Slovenia, Cyprus, Latvia, South Korea, Denmark, Lithuania, Sri Lanka, Estonia, Malaysia, Switzerland, Finland,	Malta, Thailand, France, Mauritius, Tunisia",0
Syrian Arab Republic,SYR,PARTIAL,HISTORY_BAN,2020-04-10,0,no policy,0,no policy,0,no policy,0,no policy,1,"Australia, Belgium, China, Denmark, Finland, France, Germany, Iran, Italy, Japan, South Korea, Spain, Sweden, United States",0,no policy,0,no policy,0,no policy,0,no policy,0
Turks and Caicos Islands,TCA,COMPLETE,ESSENTIAL_ONLY,2020-03-26,0,no policy,0,no policy,0,no policy,0,no policy,0,no policy,0,no policy,0,no policy,0,no policy,0,no policy,0
Chad,TCD,PARTIAL,BORDER_CLOSURE,2020-12-29,1,passengers from the United Kingdom and South Africa,0,no policy,0,no policy,0,no policy,0,no policy,0,no policy,0,no policy,0,no policy,0,no policy,0
Togo,TGO,PARTIAL,BORDER_CLOSURE,2020-03-29,1,no policy,0,no policy,0,no policy,0,no policy,0,no policy,0,no policy,0,no policy,0,no policy,0,no policy,0
Thailand,THA,PARTIAL,VISA_BAN,2020-09-15,0,no policy,0,no policy,0,no policy,0,no policy,0,no policy,0,no policy,1,no policy,0,no policy,0,no policy,0
Tajikistan,TJK,PARTIAL,BORDER_CLOSURE,2020-03-20,1,Dushanbe Airport closed,0,no policy,0,no policy,0,no policy,0,no policy,0,no policy,0,no policy,0,no policy,0,no policy,0
Tokelau,TKL,COMPLETE,WORK_EXCEP,2020-03-21,0,no policy,0,no policy,0,no policy,0,no policy,0,no policy,0,no policy,0,no policy,1,approved 20 students and their dependents stranded in Fiji to seek protection in New Zealand with families,0,no policy,1
Turkmenistan,TKM,PARTIAL,BORDER_CLOSURE,2020-08-10,1,no policy,1,no policy,0,no policy,0,no policy,0,no policy,0,no policy,0,no policy,0,no policy,0,no policy,0
Timor-Leste,TLS,COMPLETE,WORK_EXCEP,2020-03-28,0,no policy,0,no policy,0,no policy,0,no policy,0,no policy,0,no policy,0,no policy,1,"foreigners born in Timor-Leste, resident citizens and legal representatives of minors of Timorese nationality",0,no policy,1
Tonga,TON,PARTIAL,BORDER_CLOSURE,2020-03-23,1,no policy,0,no policy,0,no policy,0,no policy,0,no policy,0,no policy,0,no policy,0,no policy,0,no policy,0
Trinidad and Tobago,TTO,COMPLETE,ESSENTIAL_ONLY,2020-07-21,0,no policy,0,no policy,0,no policy,0,no policy,0,no policy,0,no policy,0,no policy,0,no policy,0,no policy,0
Tunisia,TUN,COMPLETE,ESSENTIAL_ONLY,2020-03-18,0,no policy,0,no policy,0,no policy,0,no policy,0,no policy,0,no policy,0,no policy,0,no policy,0,no policy,0
Turkey,TUR,PARTIAL,BORDER_CLOSURE,2020-03-27,1,no policy,0,no policy,0,no policy,0,no policy,0,no policy,0,no policy,0,no policy,0,no policy,0,no policy,0
Tuvalu,TUV,PARTIAL,HISTORY_BAN,2020-03-15,0,no policy,0,no policy,0,no policy,0,no policy,1,China,0,no policy,0,no policy,0,no policy,0,no policy,0
"Taiwan, Province of China",TWN,PARTIAL,BORDER_CLOSURE,2020-03-24,1,no policy,0,no policy,0,no policy,0,no policy,0,no policy,0,no policy,0,no policy,0,no policy,0,no policy,0
"Tanzania, United Republic of",TZA,PARTIAL,BORDER_CLOSURE,2020-04-11,1,no policy,0,no policy,0,no policy,0,no policy,0,no policy,0,no policy,0,no policy,0,no policy,0,no policy,0
Uganda,UGA,PARTIAL,BORDER_CLOSURE,2020-03-22,1,no policy,0,no policy,0,no policy,0,no policy,0,no policy,0,no policy,0,no policy,0,no policy,0,no policy,0
Ukraine,UKR,COMPLETE,WORK_EXCEP,2020-08-29,0,no policy,0,no policy,0,no policy,0,no policy,0,no policy,0,no policy,0,no policy,1,"Citizens, permanent residents",0,no policy,1
Uruguay,URY,COMPLETE,CITIZEN_EXCEP,2020-03-24,0,no policy,0,no policy,0,no policy,0,no policy,0,no policy,0,no policy,0,no policy,1,"Nationals, permanent residents",0,no policy,0
United States,USA,PARTIAL,VISA_BAN,2020-10-13,0,no policy,0,no policy,0,no policy,0,no policy,0,no policy,0,no policy,1,no policy,0,no policy,0,no policy,0
Uzbekistan,UZB,PARTIAL,BORDER_CLOSURE,2020-03-23,0,no policy,1,no policy,0,no policy,0,no policy,0,no policy,0,no policy,0,no policy,0,no policy,0,no policy,0
Holy See (Vatican City State),VAT,COMPLETE,WORK_EXCEP,2020-03-10,0,no policy,0,no policy,0,no policy,0,no policy,0,no policy,0,no policy,0,no policy,1,Citizens,0,no policy,1
"Venezuela, Bolivarian Republic of",VEN,PARTIAL,BORDER_CLOSURE,2020-10-13,1,Extends air travel ban,0,no policy,0,no policy,0,no policy,0,no policy,0,no policy,0,no policy,0,no policy,0,no policy,0
"Virgin Islands, British",VGB,COMPLETE,CITIZEN_EXCEP,2020-04-14,0,no policy,0,no policy,0,no policy,0,no policy,0,no policy,0,no policy,0,no policy,1,"citizens, residents",0,no policy,0
"Virgin Islands, U.S.",VIR,COMPLETE,WORK_EXCEP,2020-08-19,0,no policy,0,no policy,0,no policy,0,no policy,0,no policy,0,no policy,0,no policy,1,"citizens, permanent residents",0,no policy,1
Viet Nam,VNM,COMPLETE,ESSENTIAL_ONLY,2020-06-24,0,no policy,0,no policy,0,no policy,0,no policy,0,no policy,0,no policy,0,no policy,0,no policy,0,no policy,0
Vanuatu,VUT,COMPLETE,CITIZEN_EXCEP,2020-11-11,0,no policy,0,no policy,0,no policy,0,no policy,0,no policy,0,no policy,0,no policy,1,"Citizens, permanent residents",0,no policy,0
Wallis and Futuna,WLF,COMPLETE,ESSENTIAL_ONLY,2020-03-24,0,no policy,0,no policy,0,no policy,0,no policy,0,no policy,0,no policy,0,no policy,0,no policy,0,no policy,0
Samoa,WSM,PARTIAL,BORDER_CLOSURE,2020-09-03,0,no policy,0,no policy,1,no policy,0,no policy,0,no policy,0,no policy,0,no policy,0,no policy,0,no policy,0
Republic of Kosovo,XKX,COMPLETE,CITIZEN_EXCEP,2020-03-16,0,no policy,0,no policy,0,no policy,0,no policy,0,no policy,0,no policy,0,no policy,1,citizens,0,no policy,0
Yemen,YEM,PARTIAL,BORDER_CLOSURE,2020-04-08,0,no policy,1,"Yemeni authorities closed the Al-Wadia border crossing, the country's only remaining border crossing with Saudi Arabia",0,no policy,0,no policy,0,no policy,0,no policy,0,no policy,0,no policy,0,no policy,0
South Africa,ZAF,PARTIAL,BORDER_CLOSURE,2020-06-01,0,no policy,1,no policy,0,no policy,0,no policy,0,no policy,0,no policy,0,no policy,0,no policy,0,no policy,0
Zambia,ZMB,PARTIAL,BORDER_CLOSURE,2020-08-01,1,Flights only to/from Kenneth Kaunda International Airport,0,no policy,0,no policy,0,no policy,0,no policy,0,no policy,0,no policy,0,no policy,0,no policy,0
Zimbabwe,ZWE,COMPLETE,CITIZEN_EXCEP,2020-03-23,0,no policy,0,no policy,0,no policy,0,no policy,0,no policy,0,no policy,0,no policy,1,"citizens, residents",0,no policy,0
